area,chiave,italiano,inglese,français,deutsch,español,português (PT),note
Comuni,card.expand,Espandi {name},Expand {name},Déplier {name},{name} aufklappen,Desplegar {name},Expandir {name},
Comuni,card.collapse,Riduci {name},Collapse {name},Replier {name},{name} zuklappen,Plegar {name},Recolher {name},
Comuni,card.expandShort,Espandi,Expand,Déplier,Aufklappen,Desplegar,Expandir,
Comuni,card.collapseShort,Riduci,Collapse,Replier,Zuklappen,Plegar,Recolher,
Comuni,common.cancel,Annulla,Cancel,Annuler,Abbrechen,Cancelar,Cancelar,
Comuni,common.save,Salva,Save,Enregistrer,Speichern,Guardar,Guardar,
Comuni,common.delete,Elimina,Delete,Supprimer,Löschen,Eliminar,Eliminar,
Comuni,common.insert,Inserisci,Insert,Insérer,Einfügen,Insertar,Inserir,
Comuni,common.edit,Modifica,Edit,Modifier,Bearbeiten,Editar,Editar,
Comuni,common.other,Altro,Other,Autre,Andere,Otro,Outro,
Comuni,common.notPossible,Operazione non possibile,Not possible,Opération impossible,Nicht möglich,Operación no posible,Operação impossível,
Comuni,common.undoHint,Puoi annullare con Command/Ctrl+Z.,You can undo with Command/Ctrl+Z.,Vous pouvez annuler avec Commande/Ctrl+Z.,Mit Befehl/Strg+Z rückgängig machen.,Puedes deshacer con Comando/Ctrl+Z.,Pode anular com Comando/Ctrl+Z.,
Comuni,count.cues.one,{count} battuta,{count} cue,{count} réplique,{count} Einblendung,{count} réplica,{count} fala,
Comuni,count.cues.other,{count} battute,{count} cues,{count} répliques,{count} Einblendungen,{count} réplicas,{count} falas,
Comuni,count.lines.one,{count} riga,{count} line,{count} ligne,{count} Zeile,{count} línea,{count} linha,
Comuni,count.lines.other,{count} righe,{count} lines,{count} lignes,{count} Zeilen,{count} líneas,{count} linhas,
Comuni,marker.type.act,Atto,Act,Acte,Akt,Acto,Ato,
Comuni,marker.type.scene,Scena,Scene,Scène,Szene,Escena,Cena,
Comuni,marker.type.picture,Quadro,Tableau,Tableau,Bild,Cuadro,Quadro,
Comuni,marker.type.interval,Intervallo,Interval,Entracte,Pause,Intermedio,Intervalo,
Comuni,marker.type.other,Altro,Other,Autre,Andere,Otro,Outro,
Comuni,marker.default,Marcatore,Marker,Repère,Marke,Marcador,Marcador,
Mappa,map.title,Mappa,Map,Plan,Übersicht,Mapa,Mapa,
Mappa,map.aria,Mappa dello spettacolo,Show map,Plan du spectacle,Übersicht der Vorstellung,Mapa del espectáculo,Mapa do espetáculo,
Mappa,map.hint,Clic: vai all’inizio della sezione,Click: go to the start of the section,Clic : aller au début de la section,Klick: zum Anfang des Abschnitts springen,Clic: ir al inicio de la sección,Clique: ir para o início da secção,
Mappa,map.subtitle,Indice dello spettacolo,Show outline,Structure du spectacle,Gliederung der Vorstellung,Índice del espectáculo,Índice do espetáculo,
Mappa,map.add.title,Inserisci un marcatore prima della battuta selezionata,Insert a marker before the selected cue,Insérer un repère avant la réplique sélectionnée,Vor der ausgewählten Einblendung eine Marke einfügen,Insertar un marcador antes de la réplica seleccionada,Inserir um marcador antes da fala selecionada,
Mappa,map.add.aria,Inserisci marcatore,Insert marker,Insérer un repère,Marke einfügen,Insertar marcador,Inserir marcador,
Mappa,map.start,Inizio,Start,Début,Anfang,Inicio,Início,
Mappa,map.range.none,nessuna battuta,no cues,aucune réplique,keine Einblendungen,ninguna réplica,nenhuma fala,
Mappa,map.range.single,battuta {number},cue {number},réplique {number},Einblendung {number},réplica {number},fala {number},
Mappa,map.goTo,Vai a {title},Go to {title},Aller à {title},Zu {title} springen,Ir a {title},Ir para {title},
Mappa,map.emptySection,{title}: nessuna battuta in questa sezione,{title}: no cues in this section,{title} : aucune réplique dans cette section,{title}: keine Einblendungen in diesem Abschnitt,{title}: ninguna réplica en esta sección,{title}: nenhuma fala nesta secção,
Mappa,map.empty,Seleziona la battuta dove inizia un atto o una scena e premi <icon/> per inserire un marcatore.,Select the cue where an act or scene begins and press <icon/> to insert a marker.,Sélectionnez la réplique où commence un acte ou une scène et appuyez sur <icon/> pour insérer un repère.,"Wählen Sie die Einblendung, mit der ein Akt oder eine Szene beginnt, und drücken Sie <icon/>, um eine Marke einzufügen.",Selecciona la réplica donde empieza un acto o una escena y pulsa <icon/> para insertar un marcador.,Selecione a fala onde começa um ato ou uma cena e prima <icon/> para inserir um marcador.,
Tempi,time.title,Tempi,Timing,Minutage,Zeiten,Tiempos,Tempos,
Tempi,time.dialog.clear.title,Azzera i tempi delle battute,Clear cue timings,Effacer les temps des répliques,Zeiten der Einblendungen löschen,Borrar los tiempos de las réplicas,Apagar os tempos das falas,
Tempi,time.dialog.clear.message,Vuoi cancellare i tempi registrati di tutte le battute? Le durate delle recite restano.,Delete the recorded timings of all cues? Performance durations are kept.,Effacer les temps enregistrés de toutes les répliques ? Les durées des représentations sont conservées.,Die aufgezeichneten Zeiten aller Einblendungen löschen? Die Dauer der Vorstellungen bleibt erhalten.,¿Borrar los tiempos grabados de todas las réplicas? Las duraciones de las funciones se conservan.,Apagar os tempos gravados de todas as falas? As durações das récitas mantêm-se.,
Tempi,time.dialog.clear.confirm,Azzera tempi,Clear timings,Effacer les temps,Zeiten löschen,Borrar tiempos,Apagar tempos,
Tempi,time.dialog.reset.title,Azzera il cronometro,Reset the stopwatch,Remettre le chronomètre à zéro,Stoppuhr zurücksetzen,Poner el cronómetro a cero,Repor o cronómetro,
Tempi,time.dialog.reset.message,Il tempo di questa recita verrà azzerato senza essere salvato.,The time of this performance will be reset without being saved.,Le temps de cette représentation sera remis à zéro sans être enregistré.,Die Zeit dieser Vorstellung wird ohne Speichern zurückgesetzt.,El tiempo de esta función se pondrá a cero sin guardarse.,O tempo desta récita será reposto a zero sem ser guardado.,
Tempi,time.dialog.reset.confirm,Azzera,Reset,Remettre à zéro,Zurücksetzen,Poner a cero,Repor,
Tempi,time.status.running,in corso,running,en cours,läuft,en marcha,em curso,
Tempi,time.status.paused,in pausa,paused,en pause,pausiert,en pausa,em pausa,
Tempi,time.status.idle,fermo,stopped,arrêté,gestoppt,parado,parado,
Tempi,time.pause,Pausa,Pause,Pause,Pause,Pausa,Pausa,
Tempi,time.resume,Riprendi,Resume,Reprendre,Fortsetzen,Reanudar,Retomar,
Tempi,time.start,Avvia,Start,Démarrer,Starten,Iniciar,Iniciar,
Tempi,time.finish,Termina,Finish,Terminer,Beenden,Terminar,Terminar,
Tempi,time.finish.title,Ferma e salva le durate di questa recita,Stop and save the durations of this performance,Arrêter et enregistrer les durées de cette représentation,Stoppen und die Dauer dieser Vorstellung speichern,Parar y guardar las duraciones de esta función,Parar e guardar as durações desta récita,
Tempi,time.reset,Azzera senza salvare,Reset without saving,Remettre à zéro sans enregistrer,Ohne Speichern zurücksetzen,Poner a cero sin guardar,Repor sem guardar,
Tempi,time.cues.title,Tempi delle battute,Cue timings,Temps des répliques,Zeiten der Einblendungen,Tiempos de las réplicas,Tempos das falas,
Tempi,time.cues.count,{timed} di {total},{timed} of {total},{timed} sur {total},{timed} von {total},{timed} de {total},{timed} de {total},
Tempi,time.mode.manual,Manuale,Manual,Manuel,Manuell,Manual,Manual,
Tempi,time.mode.record,Registra,Record,Enregistrer,Aufzeichnen,Grabar,Gravar,
Tempi,time.mode.play,Riproduci,Play,Lecture,Abspielen,Reproducir,Reproduzir,
Tempi,time.manual.text,Conduci tu con Avanti. I tempi registrati non vengono usati.,You run the show with Next. Recorded timings are not used.,Vous menez le spectacle avec Suivant. Les temps enregistrés ne sont pas utilisés.,Sie fahren die Vorstellung mit Weiter. Aufgezeichnete Zeiten werden nicht verwendet.,Llevas tú la función con Siguiente. Los tiempos grabados no se usan.,É o operador a conduzir com Seguinte. Os tempos gravados não são usados.,
Tempi,time.record.step1,Porta in proiezione la prima battuta.,Project the first cue.,Projetez la première réplique.,Die erste Einblendung projizieren.,Proyecta la primera réplica.,Projete a primeira fala.,
Tempi,time.record.step2,Premi <b>Avvia</b> quando entra in scena.,Press <b>Start</b> when it comes on stage.,Appuyez sur <b>Démarrer</b> quand elle arrive en scène.,"Auf <b>Starten</b> drücken, wenn sie auf der Bühne beginnt.",Pulsa <b>Iniciar</b> cuando entre en escena.,Prima <b>Iniciar</b> quando entrar em cena.,
Tempi,time.record.step3,Conduci con <b>Avanti</b>: ogni cambio viene registrato.,Run the show with <b>Next</b>: every change is recorded.,Menez le spectacle avec <b>Suivant</b> : chaque changement est enregistré.,Mit <b>Weiter</b> fahren: Jeder Wechsel wird aufgezeichnet.,Lleva la función con <b>Siguiente</b>: cada cambio queda grabado.,Conduza com <b>Seguinte</b>: cada mudança é gravada.,
Tempi,time.record.step4,Alla fine premi <b>Termina</b>.,At the end press <b>Finish</b>.,"À la fin, appuyez sur <b>Terminer</b>.",Am Ende auf <b>Beenden</b> drücken.,Al final pulsa <b>Terminar</b>.,"No fim, prima <b>Terminar</b>.",
Tempi,time.record.running,● Registrazione in corso: ogni Avanti salva il tempo della battuta che entra.,● Recording: every Next saves the time of the incoming cue.,● Enregistrement : chaque Suivant enregistre le temps de la réplique qui entre.,● Aufzeichnung: Jedes Weiter speichert die Zeit der neuen Einblendung.,● Grabando: cada Siguiente guarda el tiempo de la réplica que entra.,● A gravar: cada Seguinte guarda o tempo da fala que entra.,
Tempi,time.record.paused,In pausa: i cambi di battuta non vengono registrati.,Paused: cue changes are not recorded.,En pause : les changements de réplique ne sont pas enregistrés.,Pausiert: Wechsel werden nicht aufgezeichnet.,En pausa: los cambios de réplica no se graban.,Em pausa: as mudanças de fala não são gravadas.,
Tempi,time.play.stop,Ferma,Stop,Arrêter,Stopp,Parar,Parar,
Tempi,time.play.from,Riproduci da {number},Play from {number},Lire depuis {number},Ab {number} abspielen,Reproducir desde {number},Reproduzir a partir de {number},
Tempi,time.play.playing,Le battute avanzano da sole. Avanti e Indietro restano attivi: la riproduzione riparte dalla battuta scelta.,Cues advance on their own. Next and Back still work: playback restarts from the chosen cue.,Les répliques avancent toutes seules. Suivant et Précédent restent actifs : la lecture reprend depuis la réplique choisie.,Die Einblendungen laufen von selbst weiter. Weiter und Zurück bleiben aktiv: Die Wiedergabe setzt bei der gewählten Einblendung neu an.,Las réplicas avanzan solas. Siguiente y Anterior siguen activos: la reproducción vuelve a empezar desde la réplica elegida.,As falas avançam sozinhas. Seguinte e Anterior continuam ativos: a reprodução recomeça a partir da fala escolhida.,
Tempi,time.play.ready,Le battute avanzeranno da sole seguendo i tempi registrati.,Cues will advance on their own following the recorded timings.,Les répliques avanceront toutes seules en suivant les temps enregistrés.,Die Einblendungen laufen nach den aufgezeichneten Zeiten von selbst weiter.,Las réplicas avanzarán solas siguiendo los tiempos grabados.,As falas avançarão sozinhas seguindo os tempos gravados.,
Tempi,time.play.noTime,Questa battuta non ha un tempo registrato: scegline una con il tempo per partire.,This cue has no recorded time: pick one with a time to start.,Cette réplique n’a pas de temps enregistré : choisissez-en une avec un temps pour démarrer.,Diese Einblendung hat keine aufgezeichnete Zeit: Wählen Sie zum Starten eine mit Zeit.,Esta réplica no tiene tiempo grabado: elige una con tiempo para empezar.,Esta fala não tem tempo gravado: escolha uma com tempo para começar.,
Tempi,time.play.none,Nessun tempo registrato: usa prima <b>Registra</b> durante una prova.,No timings recorded yet: first use <b>Record</b> during a rehearsal.,Aucun temps enregistré : utilisez d’abord <b>Enregistrer</b> pendant une répétition.,Noch keine Zeiten aufgezeichnet: Verwenden Sie zuerst <b>Aufzeichnen</b> bei einer Probe.,Aún no hay tiempos grabados: usa primero <b>Grabar</b> durante un ensayo.,Ainda não há tempos gravados: use primeiro <b>Gravar</b> durante um ensaio.,
Tempi,time.clear,Azzera tempi delle battute,Clear cue timings,Effacer les temps des répliques,Zeiten der Einblendungen löschen,Borrar los tiempos de las réplicas,Apagar os tempos das falas,
Tempi,time.last,Ultima recita · {date},Last performance · {date},Dernière représentation · {date},Letzte Vorstellung · {date},Última función · {date},Última récita · {date},
Tempi,time.previous,Recite precedenti ({count}),Previous performances ({count}),Représentations précédentes ({count}),Frühere Vorstellungen ({count}),Funciones anteriores ({count}),Récitas anteriores ({count}),
Tempi,time.hint,Avvia all’inizio della recita. Con i marcatori della Mappa misura anche ogni atto; “Termina” salva le durate nel progetto.,Start at the beginning of the performance. With Map markers it also times each act; “Finish” saves the durations in the project.,"Démarrez au début de la représentation. Avec les repères du Plan, chaque acte est aussi chronométré ; « Terminer » enregistre les durées dans le projet.",Zu Beginn der Vorstellung starten. Mit den Marken der Übersicht wird auch jeder Akt gemessen; „Beenden“ speichert die Dauer im Projekt.,Inicia al comienzo de la función. Con los marcadores del Mapa mide también cada acto; «Terminar» guarda las duraciones en el proyecto.,Inicie no começo da récita. Com os marcadores do Mapa também mede cada ato; «Terminar» guarda as durações no projeto.,
Strumenti,tools.title,Strumenti,Tools,Outils,Werkzeuge,Herramientas,Ferramentas,
Strumenti,tools.tab.check,Verifica,Check,Vérification,Prüfen,Revisión,Verificação,
Strumenti,tools.tab.clean,Pulizia,Clean up,Nettoyage,Bereinigen,Limpieza,Limpeza,
Strumenti,tools.cue,Battuta {number},Cue {number},Réplique {number},Einblendung {number},Réplica {number},Fala {number},
Strumenti,tools.cue.info,{lines} · {chars} caratteri,{lines} · {chars} characters,{lines} · {chars} caractères,{lines} · {chars} Zeichen,{lines} · {chars} caracteres,{lines} · {chars} caracteres,
Strumenti,tools.cue.empty,vuota in {language},empty in {language},vide en {language},leer auf {language},vacía en {language},vazia em {language},
Strumenti,tools.noIssues,Nessun problema nel copione in {language}.,No issues in the {language} script.,Aucun problème dans le texte en {language}.,Keine Probleme im Text auf {language}.,Ningún problema en el texto en {language}.,Nenhum problema no texto em {language}.,
Strumenti,tools.issue.hint,{detail} {cues}: clic per andare alla prossima.,{detail} {cues}: click to go to the next one.,{detail} {cues} : cliquez pour aller à la suivante.,"{detail} {cues}: Klicken, um zur nächsten zu springen.",{detail} {cues}: haz clic para ir a la siguiente.,{detail} {cues}: clique para ir para a seguinte.,
Strumenti,tools.contrast.error,Colori dello schermo poco leggibili,Screen colours hard to read,Couleurs de l’écran difficiles à lire,Bildschirmfarben schwer lesbar,Colores de pantalla difíciles de leer,Cores do ecrã difíceis de ler,
Strumenti,tools.contrast.warning,Colori dello schermo appena sufficienti,Screen colours barely readable,Couleurs de l’écran peu lisibles,Bildschirmfarben kaum lesbar,Colores de pantalla poco legibles,Cores do ecrã pouco legíveis,
Strumenti,tools.contrast.detail,testo e sfondo troppo simili · cambia i colori in Schermi,text and background too similar · change the colours in Screens,texte et fond trop proches · modifiez les couleurs dans Écrans,Text und Hintergrund zu ähnlich · Farben unter Bildschirme ändern,texto y fondo demasiado parecidos · cambia los colores en Pantallas,texto e fundo demasiado parecidos · altere as cores em Ecrãs,
Strumenti,tools.limit.title,Caratteri per riga,Characters per line,Caractères par ligne,Zeichen pro Zeile,Caracteres por línea,Caracteres por linha,
Strumenti,tools.limit.custom,Numero di caratteri per riga,Number of characters per line,Nombre de caractères par ligne,Anzahl der Zeichen pro Zeile,Número de caracteres por línea,Número de caracteres por linha,
Strumenti,check.missing.title,Controllo testi mancanti,Missing text check,Contrôle des textes manquants,Prüfung fehlender Texte,Revisión de textos que faltan,Verificação de textos em falta,
Strumenti,check.missing.single,senza testo in questa lingua,no text in this language,pas de texte dans cette langue,kein Text in dieser Sprache,sin texto en este idioma,sem texto nesta língua,
Strumenti,check.missing.detail,Battute senza testo nella lingua di lavoro.,Cues with no text in the working language.,Répliques sans texte dans la langue de travail.,Einblendungen ohne Text in der Arbeitssprache.,Réplicas sin texto en el idioma de trabajo.,Falas sem texto na língua de trabalho.,
Strumenti,check.lines.title,Controllo righe,Line count check,Contrôle des lignes,Prüfung der Zeilen,Revisión de líneas,Verificação de linhas,
Strumenti,check.lines.single,con più di due righe,more than two lines,plus de deux lignes,mehr als zwei Zeilen,más de dos líneas,mais de duas linhas,
Strumenti,check.lines.detail,Battute con più di due righe.,Cues with more than two lines.,Répliques de plus de deux lignes.,Einblendungen mit mehr als zwei Zeilen.,Réplicas con más de dos líneas.,Falas com mais de duas linhas.,
Strumenti,check.long.title,Controllo lunghezza,Length check,Contrôle de la longueur,Prüfung der Länge,Revisión de longitud,Verificação do comprimento,
Strumenti,check.long.single,troppo lunga,too long,trop longue,zu lang,demasiado larga,demasiado longa,
Strumenti,check.long.detail,Più di {limit} caratteri in una riga o {total} in tutto.,More than {limit} characters in a line or {total} in total.,Plus de {limit} caractères sur une ligne ou plus de {total} au total.,Mehr als {limit} Zeichen in einer Zeile oder mehr als {total} insgesamt.,Más de {limit} caracteres en una línea o más de {total} en total.,Mais de {limit} caracteres numa linha ou mais de {total} no total.,
Strumenti,check.spacing.title,Controllo spazi,Spacing check,Contrôle des espaces,Prüfung der Leerzeichen,Revisión de espacios,Verificação de espaços,
Strumenti,check.spacing.single,con spazi da sistemare,spacing to fix,espaces à corriger,Leerzeichen korrigieren,espacios por corregir,espaços a corrigir,
Strumenti,check.spacing.detail,Spazi doppi o fuori posto: la scheda Pulizia li corregge.,Double or misplaced spaces: the Clean up tab fixes them.,Espaces doubles ou mal placées : l’onglet Nettoyage les corrige.,Doppelte oder falsch gesetzte Leerzeichen: Der Reiter Bereinigen korrigiert sie.,Espacios dobles o mal colocados: la pestaña Limpieza los corrige.,Espaços duplos ou mal colocados: o separador Limpeza corrige-os.,
Strumenti,clean.scope,Cosa correggere,What to fix,Que corriger,Was korrigieren,Qué corregir,O que corrigir,
Strumenti,clean.scope.cue,Battuta {number},Cue {number},Réplique {number},Einblendung {number},Réplica {number},Fala {number},
Strumenti,clean.scope.all,Tutto il copione,Whole script,Tout le texte,Ganzer Text,Todo el texto,Texto completo,
Strumenti,clean.spaces.label,Spazi,Spaces,Espaces,Leerzeichen,Espacios,Espaços,
Strumenti,clean.spaces.help,"Toglie spazi doppi, spazi prima della punteggiatura e spazi a inizio o fine riga.","Removes double spaces, spaces before punctuation and spaces at the start or end of a line.","Supprime les espaces doubles, les espaces avant la ponctuation et en début ou fin de ligne.","Entfernt doppelte Leerzeichen, Leerzeichen vor Satzzeichen sowie am Zeilenanfang oder -ende.","Elimina espacios dobles, espacios antes de la puntuación y al principio o al final de la línea.","Remove espaços duplos, espaços antes da pontuação e no início ou fim da linha.",
Strumenti,clean.emptyLines.label,Righe vuote,Empty lines,Lignes vides,Leere Zeilen,Líneas vacías,Linhas vazias,
Strumenti,clean.emptyLines.help,Eliminare eventuali righe presenti vuote dentro le battute,Remove any empty lines inside cues,Supprimer les éventuelles lignes vides à l’intérieur des répliques,Leere Zeilen innerhalb der Einblendungen entfernen,Eliminar las líneas vacías dentro de las réplicas,Remover eventuais linhas vazias dentro das falas,
Strumenti,clean.typography.label,Tipografia,Typography,Typographie,Typografie,Tipografía,Tipografia,
Strumenti,clean.typography.help,Apostrofo tipografico (’) e tre puntini in un solo carattere (…).,Typographic apostrophe (’) and three dots as a single character (…).,Apostrophe typographique (’) et points de suspension en un seul caractère (…).,Typografischer Apostroph (’) und drei Punkte als ein Zeichen (…).,Apóstrofo tipográfico (’) y puntos suspensivos como un solo carácter (…).,Apóstrofo tipográfico (’) e reticências como um único carácter (…).,
Strumenti,clean.footnote,Vale per tutte le lingue. In francese lo spazio davanti a ; : ! ? viene mantenuto (come spazio unificatore).,Applies to all languages. In French the space before ; : ! ? is kept (as a non-breaking space).,"S’applique à toutes les langues. En français, l’espace avant ; : ! ? est conservée (comme espace insécable).",Gilt für alle Sprachen. Im Französischen bleibt das Leerzeichen vor ; : ! ? erhalten (als geschütztes Leerzeichen).,Se aplica a todos los idiomas. En francés se mantiene el espacio antes de ; : ! ? (como espacio de no separación).,"Aplica-se a todas as línguas. Em francês, o espaço antes de ; : ! ? mantém-se (como espaço não separável).",
Strumenti,clean.apply.cue,Correggi la battuta {number},Fix cue {number},Corriger la réplique {number},Einblendung {number} korrigieren,Corregir la réplica {number},Corrigir a fala {number},
Strumenti,clean.apply.all,Correggi tutto il copione,Fix the whole script,Corriger tout le texte,Ganzen Text korrigieren,Corregir todo el texto,Corrigir o texto completo,
Strumenti,clean.none,Attiva almeno una correzione.,Turn on at least one fix.,Activez au moins une correction.,Mindestens eine Korrektur aktivieren.,Activa al menos una corrección.,Ative pelo menos uma correção.,
Strumenti,clean.done.one,{count} battuta corretta. Puoi annullare con Command/Ctrl+Z.,{count} cue fixed. You can undo with Command/Ctrl+Z.,{count} réplique corrigée. Vous pouvez annuler avec Commande/Ctrl+Z.,{count} Einblendung korrigiert. Mit Befehl/Strg+Z rückgängig machen.,{count} réplica corregida. Puedes deshacer con Comando/Ctrl+Z.,{count} fala corrigida. Pode anular com Comando/Ctrl+Z.,
Strumenti,clean.done.other,{count} battute corrette. Puoi annullare con Command/Ctrl+Z.,{count} cues fixed. You can undo with Command/Ctrl+Z.,{count} répliques corrigées. Vous pouvez annuler avec Commande/Ctrl+Z.,{count} Einblendungen korrigiert. Mit Befehl/Strg+Z rückgängig machen.,{count} réplicas corregidas. Puedes deshacer con Comando/Ctrl+Z.,{count} falas corrigidas. Pode anular com Comando/Ctrl+Z.,
Strumenti,clean.nothing,Niente da correggere.,Nothing to fix.,Rien à corriger.,Nichts zu korrigieren.,Nada que corregir.,Nada a corrigir.,
Scorciatoie,shortcuts.title,Scorciatoie,Shortcuts,Raccourcis,Tastenkürzel,Atajos,Atalhos,
Scorciatoie,shortcuts.aria,Scorciatoie da tastiera,Keyboard shortcuts,Raccourcis clavier,Tastenkürzel,Atajos de teclado,Atalhos de teclado,
Scorciatoie,shortcuts.action.next,Avanti,Next,Suivant,Weiter,Siguiente,Seguinte,
Scorciatoie,shortcuts.action.next.detail,Proietta la battuta successiva,Projects the next cue,Projette la réplique suivante,Projiziert die nächste Einblendung,Proyecta la réplica siguiente,Projeta a fala seguinte,
Scorciatoie,shortcuts.action.previous,Indietro,Back,Précédent,Zurück,Anterior,Anterior,
Scorciatoie,shortcuts.action.previous.detail,Torna alla battuta precedente,Goes back to the previous cue,Revient à la réplique précédente,Kehrt zur vorherigen Einblendung zurück,Vuelve a la réplica anterior,Volta à fala anterior,
Scorciatoie,shortcuts.action.blackout,Schermo vuoto,Blackout,Noir,Blackout,Oscuro,Negro,
Scorciatoie,shortcuts.action.blackout.detail,Oscura o riaccende lo schermo,Blanks or restores the screen,Éteint ou rallume l’écran,Schaltet den Bildschirm dunkel oder wieder ein,Apaga o vuelve a encender la pantalla,Apaga ou volta a acender o ecrã,
Scorciatoie,shortcuts.action.fullscreen,Schermo intero,Fullscreen,Plein écran,Vollbild,Pantalla completa,Ecrã inteiro,
Scorciatoie,shortcuts.action.fullscreen.detail,Apre l’anteprima a tutto schermo,Opens the preview in fullscreen,Ouvre l’aperçu en plein écran,Öffnet die Vorschau im Vollbild,Abre la vista previa a pantalla completa,Abre a pré-visualização em ecrã inteiro,
Scorciatoie,shortcuts.action.browseNext,Seleziona successiva,Select next,Sélectionner la suivante,Nächste auswählen,Seleccionar siguiente,Selecionar seguinte,
Scorciatoie,shortcuts.action.browseNext.detail,Scorre l’elenco senza proiettare,Moves through the list without projecting,Parcourt la liste sans projeter,"Bewegt sich durch die Liste, ohne zu projizieren",Recorre la lista sin proyectar,Percorre a lista sem projetar,
Scorciatoie,shortcuts.action.browsePrevious,Seleziona precedente,Select previous,Sélectionner la précédente,Vorherige auswählen,Seleccionar anterior,Selecionar anterior,
Scorciatoie,shortcuts.action.browsePrevious.detail,Scorre l’elenco senza proiettare,Moves through the list without projecting,Parcourt la liste sans projeter,"Bewegt sich durch die Liste, ohne zu projizieren",Recorre la lista sin proyectar,Percorre a lista sem projetar,
Scorciatoie,shortcuts.fixed.aria,Scorciatoie fisse,Fixed shortcuts,Raccourcis fixes,Feste Tastenkürzel,Atajos fijos,Atalhos fixos,
Scorciatoie,shortcuts.fixed.undo,Annulla,Undo,Annuler,Rückgängig,Deshacer,Anular,
Scorciatoie,shortcuts.fixed.redo,Ripeti,Redo,Rétablir,Wiederholen,Rehacer,Refazer,
Scorciatoie,shortcuts.fixed.exitField,Esci dal campo di testo,Leave the text field,Quitter le champ de texte,Textfeld verlassen,Salir del campo de texto,Sair do campo de texto,
Scorciatoie,shortcuts.key.Space,Spazio,Space,Espace,Leertaste,Espacio,Espaço,
Scorciatoie,shortcuts.key.Enter,Invio,Return,Entrée,Eingabe,Intro,Enter,
Scorciatoie,shortcuts.key.Delete,Canc,Del,Suppr,Entf,Supr,Del,
Scorciatoie,shortcuts.key.PageUp,Pag ↑,Page ↑,Page ↑,Bild ↑,Re Pág,Pág ↑,
Scorciatoie,shortcuts.key.PageDown,Pag ↓,Page ↓,Page ↓,Bild ↓,Av Pág,Pág ↓,
Scorciatoie,shortcuts.key.Home,Inizio,Home,Début,Pos1,Inicio,Início,
Scorciatoie,shortcuts.key.End,Fine,End,Fin,Ende,Fin,Fim,
Scorciatoie,shortcuts.key.numpad,{key} (tast. num.),{key} (keypad),{key} (pavé num.),{key} (Ziffernblock),{key} (teclado num.),{key} (teclado num.),
Scorciatoie,shortcuts.press,Premi…,Press…,Appuyez…,Drücken…,Pulsa…,Prima…,
Scorciatoie,shortcuts.recording.title,Premi il nuovo tasto (Esc annulla),Press the new key (Esc cancels),Appuyez sur la nouvelle touche (Échap annule),Neue Taste drücken (Esc bricht ab),Pulsa la nueva tecla (Esc cancela),Prima a nova tecla (Esc cancela),
Scorciatoie,shortcuts.change.title,Clic per cambiare tasto,Click to change the key,Cliquez pour changer de touche,"Klicken, um die Taste zu ändern",Haz clic para cambiar la tecla,Clique para mudar a tecla,
Scorciatoie,shortcuts.change.aria,{action}: {key}. Cambia tasto,{action}: {key}. Change key,{action} : {key}. Changer de touche,{action}: {key}. Taste ändern,{action}: {key}. Cambiar tecla,{action}: {key}. Mudar tecla,
Scorciatoie,shortcuts.remove.aria,Togli {key} da {action},Remove {key} from {action},Retirer {key} de {action},{key} von {action} entfernen,Quitar {key} de {action},Remover {key} de {action},
Scorciatoie,shortcuts.remove.title,Togli questo tasto,Remove this key,Retirer cette touche,Diese Taste entfernen,Quitar esta tecla,Remover esta tecla,
Scorciatoie,shortcuts.add.aria,Aggiungi un tasto per {action},Add a key for {action},Ajouter une touche pour {action},Taste für {action} hinzufügen,Añadir una tecla para {action},Adicionar uma tecla para {action},
Scorciatoie,shortcuts.add.title,Aggiungi un tasto,Add a key,Ajouter une touche,Taste hinzufügen,Añadir una tecla,Adicionar uma tecla,
Scorciatoie,shortcuts.hint.recording,Premi il tasto da usare. Esc annulla.,Press the key to use. Esc cancels.,Appuyez sur la touche à utiliser. Échap annule.,Die gewünschte Taste drücken. Esc bricht ab.,Pulsa la tecla que quieres usar. Esc cancela.,Prima a tecla que quer usar. Esc cancela.,
Scorciatoie,shortcuts.hint.modifiers,"Cmd, Ctrl e Alt restano al sistema: scegli un tasto senza questi.","Cmd, Ctrl and Alt are kept for the system: choose a key without them.","Cmd, Ctrl et Alt sont réservées au système : choisissez une touche sans elles.","Cmd, Strg und Alt bleiben dem System vorbehalten: Wählen Sie eine Taste ohne sie.","Cmd, Ctrl y Alt quedan reservadas al sistema: elige una tecla sin ellas.","Cmd, Ctrl e Alt ficam reservadas ao sistema: escolha uma tecla sem elas.",
Scorciatoie,shortcuts.hint.invalid,Questo tasto non si può assegnare.,This key cannot be assigned.,Cette touche ne peut pas être attribuée.,Diese Taste kann nicht zugewiesen werden.,Esta tecla no se puede asignar.,Esta tecla não pode ser atribuída.,
Scorciatoie,shortcuts.hint.moved,{key} tolto da “{action}”.,{key} removed from “{action}”.,{key} retirée de « {action} ».,{key} von „{action}“ entfernt.,{key} quitada de «{action}».,{key} removida de «{action}».,
Scorciatoie,shortcuts.reset,Ripristina tasti predefiniti,Restore default keys,Rétablir les touches par défaut,Standardtasten wiederherstellen,Restaurar teclas predeterminadas,Repor as teclas predefinidas,
Sopratitoli,cues.current,Attuale,Live,En cours,Aktuell,Actual,Atual,
Sopratitoli,cues.blackout,Schermo vuoto,Blackout,Noir,Blackout,Oscuro,Negro,
Sopratitoli,cues.list.title,Battute,Cues,Répliques,Einblendungen,Réplicas,Falas,
Sopratitoli,cues.list.aria,Sopratitoli in sequenza,Surtitles in sequence,Surtitres dans l’ordre,Übertitel in Reihenfolge,Sobretítulos en secuencia,Legendas em sequência,
Sopratitoli,cues.empty,Sopratitolo vuoto,Empty surtitle,Surtitre vide,Leerer Übertitel,Sobretítulo vacío,Legenda vazia,
Sopratitoli,cues.next,Prossima,Next,Suivante,Nächste,Siguiente,Seguinte,
Sopratitoli,cues.recordedTime,Tempo registrato: quando entra la battuta,Recorded time: when the cue comes in,Temps enregistré : moment où la réplique entre,Aufgezeichnete Zeit: wann die Einblendung kommt,Tiempo grabado: cuándo entra la réplica,Tempo gravado: quando a fala entra,
Sopratitoli,cues.expand,Espandi modifica sopratitolo {number},Expand editor for surtitle {number},Ouvrir l’éditeur du surtitre {number},Editor für Übertitel {number} öffnen,Abrir el editor del sobretítulo {number},Abrir o editor da legenda {number},
Sopratitoli,cues.collapse,Chiudi modifica sopratitolo {number},Close editor for surtitle {number},Fermer l’éditeur du surtitre {number},Editor für Übertitel {number} schließen,Cerrar el editor del sobretítulo {number},Fechar o editor da legenda {number},
Sopratitoli,cues.inlineText,Testo sopratitolo {number},Text of surtitle {number},Texte du surtitre {number},Text von Übertitel {number},Texto del sobretítulo {number},Texto da legenda {number},
Sopratitoli,cues.note.edit,Clic per modificare la nota,Click to edit the note,Cliquez pour modifier la note,"Klicken, um die Notiz zu bearbeiten",Haz clic para editar la nota,Clique para editar a nota,
Sopratitoli,cues.note.label,Nota operatore,Operator note,Note opérateur,Notiz für die Bedienung,Nota para el operador,Nota para o operador,
Sopratitoli,marker.row.title,Doppio clic: modifica marcatore,Double-click: edit marker,Double-clic : modifier le repère,Doppelklick: Marke bearbeiten,Doble clic: editar marcador,Duplo clique: editar marcador,
Sopratitoli,marker.edit,Modifica marcatore,Edit marker,Modifier le repère,Marke bearbeiten,Editar marcador,Editar marcador,
Sopratitoli,marker.edit.aria,Modifica marcatore {title},Edit marker {title},Modifier le repère {title},Marke {title} bearbeiten,Editar marcador {title},Editar marcador {title},
Sopratitoli,marker.delete,Elimina marcatore,Delete marker,Supprimer le repère,Marke löschen,Eliminar marcador,Eliminar marcador,
Sopratitoli,marker.delete.aria,Elimina marcatore {title},Delete marker {title},Supprimer le repère {title},Marke {title} löschen,Eliminar marcador {title},Eliminar marcador {title},
Sopratitoli,conductor.aria,Comandi di conduzione,Show controls,Commandes du spectacle,Steuerung der Vorstellung,Controles de la función,Comandos do espetáculo,
Sopratitoli,conductor.back,Indietro,Back,Précédent,Zurück,Anterior,Anterior,
Sopratitoli,conductor.next,Avanti,Next,Suivant,Weiter,Siguiente,Seguinte,
Sopratitoli,conductor.goTo.label,Vai a battuta,Go to cue,Aller à la réplique,Zu Einblendung springen,Ir a la réplica,Ir para a fala,
Sopratitoli,conductor.goTo.title,"Numero di battuta, parola del testo o titolo di un marcatore (es. atto 2)","Cue number, a word from the text or a marker title (e.g. act 2)","Numéro de réplique, un mot du texte ou le titre d’un repère (ex. acte 2)","Nummer der Einblendung, ein Wort aus dem Text oder der Titel einer Marke (z. B. Akt 2)","Número de réplica, una palabra del texto o el título de un marcador (p. ej., acto 2)","Número da fala, uma palavra do texto ou o título de um marcador (ex. ato 2)",
Sopratitoli,conductor.goTo.placeholder,Vai a: n° o parola,Go to: no. or word,Aller à : n° ou mot,Gehe zu: Nr. oder Wort,Ir a: n.º o palabra,Ir para: n.º ou palavra,
Sopratitoli,conductor.goTo.missed,Nessuna battuta trovata,No cue found,Aucune réplique trouvée,Keine Einblendung gefunden,No se encontró ninguna réplica,Nenhuma fala encontrada,
Sopratitoli,conductor.showText,Mostra testo,Show text,Afficher le texte,Text zeigen,Mostrar texto,Mostrar texto,
Sopratitoli,conductor.blackout,Schermo vuoto,Blackout,Noir,Blackout,Oscuro,Negro,
Sopratitoli,conductor.projection,Proiezione,Projection,Projection,Projektion,Proyección,Projeção,
Sopratitoli,conductor.projection.title,Apri o mostra la finestra di proiezione,Open or show the projection window,Ouvrir ou afficher la fenêtre de projection,Projektionsfenster öffnen oder anzeigen,Abrir o mostrar la ventana de proyección,Abrir ou mostrar a janela de projeção,
Sopratitoli,conductor.projection.aria,Apri proiezione,Open projection,Ouvrir la projection,Projektion öffnen,Abrir proyección,Abrir projeção,
Sopratitoli,rightColumn.aria,Proprietà,Properties,Propriétés,Eigenschaften,Propiedades,Propriedades,
Sopratitoli,toolbar.aria,Modifica struttura sopratitoli,Edit surtitle structure,Modifier la structure des surtitres,Struktur der Übertitel bearbeiten,Editar la estructura de los sobretítulos,Editar a estrutura das legendas,
Sopratitoli,toolbar.addAfter,Aggiungi dopo,Add after,Ajouter après,Danach einfügen,Añadir después,Adicionar depois,
Sopratitoli,toolbar.addAfter.aria,Aggiungi sopratitolo dopo,Add surtitle after,Ajouter un surtitre après,Übertitel danach einfügen,Añadir un sobretítulo después,Adicionar uma legenda depois,
Sopratitoli,toolbar.split,Dividi,Split,Diviser,Teilen,Dividir,Dividir,
Sopratitoli,toolbar.split.aria,Dividi sopratitolo,Split surtitle,Diviser le surtitre,Übertitel teilen,Dividir sobretítulo,Dividir legenda,
Sopratitoli,toolbar.merge,Unisci con successiva,Merge with next,Fusionner avec la suivante,Mit nächster zusammenführen,Unir con la siguiente,Juntar com a seguinte,
Sopratitoli,toolbar.merge.aria,Unisci con il sopratitolo successivo,Merge with the next surtitle,Fusionner avec le surtitre suivant,Mit dem nächsten Übertitel zusammenführen,Unir con el sobretítulo siguiente,Juntar com a legenda seguinte,
Sopratitoli,toolbar.marker,"Inserisci marcatore (atto, scena…) prima della battuta","Insert marker (act, scene…) before the cue","Insérer un repère (acte, scène…) avant la réplique","Marke (Akt, Szene…) vor der Einblendung einfügen","Insertar marcador (acto, escena…) antes de la réplica","Inserir marcador (ato, cena…) antes da fala",
Sopratitoli,toolbar.marker.aria,Inserisci marcatore prima della battuta selezionata,Insert marker before the selected cue,Insérer un repère avant la réplique sélectionnée,Marke vor der ausgewählten Einblendung einfügen,Insertar marcador antes de la réplica seleccionada,Inserir marcador antes da fala selecionada,
Sopratitoli,toolbar.delete,Elimina,Delete,Supprimer,Löschen,Eliminar,Eliminar,
Sopratitoli,toolbar.delete.aria,Elimina sopratitolo,Delete surtitle,Supprimer le surtitre,Übertitel löschen,Eliminar sobretítulo,Eliminar legenda,
Sopratitoli,languages.aria,Lingua delle battute,Cue language,Langue des répliques,Sprache der Einblendungen,Idioma de las réplicas,Língua das falas,
Sopratitoli,languages.progress,{language} · {filled}/{total} battute,{language} · {filled}/{total} cues,{language} · {filled}/{total} répliques,{language} · {filled}/{total} Einblendungen,{language} · {filled}/{total} réplicas,{language} · {filled}/{total} falas,
Sopratitoli,languages.manage.title,"Lingue del progetto: aggiungi, rinomina, elimina","Project languages: add, rename, delete","Langues du projet : ajouter, renommer, supprimer","Projektsprachen: hinzufügen, umbenennen, löschen","Idiomas del proyecto: añadir, renombrar, eliminar","Línguas do projeto: adicionar, mudar o nome, eliminar",
Sopratitoli,languages.manage.aria,Gestisci le lingue del progetto,Manage project languages,Gérer les langues du projet,Projektsprachen verwalten,Gestionar los idiomas del proyecto,Gerir as línguas do projeto,
Sopratitoli,editor.aria,Modifica sopratitolo {number},Edit surtitle {number},Modifier le surtitre {number},Übertitel {number} bearbeiten,Editar sobretítulo {number},Editar legenda {number},
Sopratitoli,editor.text.aria,Testo {language} sopratitolo {number},{language} text of surtitle {number},Texte {language} du surtitre {number},Text ({language}) von Übertitel {number},Texto en {language} del sobretítulo {number},Texto em {language} da legenda {number},
Sopratitoli,editor.style.aria,Controlli di stile,Style controls,Commandes de style,Stilsteuerung,Controles de estilo,Controlos de estilo,
Sopratitoli,editor.bold,Grassetto,Bold,Gras,Fett,Negrita,Negrito,
Sopratitoli,editor.italic,Corsivo,Italic,Italique,Kursiv,Cursiva,Itálico,
Sopratitoli,editor.underline,Sottolineato,Underline,Souligné,Unterstrichen,Subrayado,Sublinhado,
Sopratitoli,editor.color,Colore testo,Text colour,Couleur du texte,Textfarbe,Color del texto,Cor do texto,
Sopratitoli,editor.smaller,Riduci dimensione testo,Decrease text size,Réduire la taille du texte,Text verkleinern,Reducir el tamaño del texto,Diminuir o tamanho do texto,
Sopratitoli,editor.larger,Aumenta dimensione testo,Increase text size,Augmenter la taille du texte,Text vergrößern,Aumentar el tamaño del texto,Aumentar o tamanho do texto,
Sopratitoli,editor.scaleValue,Dimensione testo {value}%,Text size {value}%,Taille du texte {value} %,Textgröße {value} %,Tamaño del texto {value} %,Tamanho do texto {value}%,
Sopratitoli,editor.clear,Rimuovi formattazione,Clear formatting,Effacer la mise en forme,Formatierung entfernen,Quitar formato,Limpar formatação,
Sopratitoli,editor.notes,Note operatore,Operator notes,Notes opérateur,Notizen für die Bedienung,Notas para el operador,Notas para o operador,
Sopratitoli,editor.notes.aria,Note operatore sopratitolo {number},Operator notes for surtitle {number},Notes opérateur du surtitre {number},Notizen für die Bedienung zu Übertitel {number},Notas para el operador del sobretítulo {number},Notas para o operador da legenda {number},
Sopratitoli,editor.notes.placeholder,Indicazioni per la regia...,Notes for the operator...,Notes pour l’opérateur…,Notizen für die Bedienung…,Notas para el operador…,Notas para o operador…,
Sopratitoli,editor.chars.single,{count} caratteri (massimo {limit} per riga),{count} characters (maximum {limit} per line),{count} caractères (maximum {limit} par ligne),{count} Zeichen (höchstens {limit} pro Zeile),{count} caracteres (máximo {limit} por línea),{count} caracteres (máximo {limit} por linha),
Sopratitoli,editor.chars.multi,"Caratteri per riga: {counts} (massimo {limit} per riga, {maxLines} righe)","Characters per line: {counts} (maximum {limit} per line, {maxLines} lines)","Caractères par ligne : {counts} (maximum {limit} par ligne, {maxLines} lignes)","Zeichen pro Zeile: {counts} (höchstens {limit} pro Zeile, {maxLines} Zeilen)","Caracteres por línea: {counts} (máximo {limit} por línea, {maxLines} líneas)","Caracteres por linha: {counts} (máximo {limit} por linha, {maxLines} linhas)",
Sopratitoli,editor.chars.tooManyLines,{count} righe,{count} lines,{count} lignes,{count} Zeilen,{count} líneas,{count} linhas,
Sopratitoli,dialog.confirm,Conferma,Confirm,Confirmer,Bestätigen,Confirmar,Confirmar,
Sopratitoli,dialog.ok,OK,OK,OK,OK,Aceptar,OK,
Sopratitoli,dialog.marker.type,Tipo marcatore,Marker type,Type de repère,Art der Marke,Tipo de marcador,Tipo de marcador,
Sopratitoli,dialog.marker.title,Titolo,Title,Titre,Titel,Título,Título,
Sopratitoli,dialog.marker.placeholder,"Atto I, Scena 2, Intervallo…","Act I, Scene 2, Interval…","Acte I, Scène 2, Entracte…","Akt I, Szene 2, Pause…","Acto I, Escena 2, Intermedio…","Ato I, Cena 2, Intervalo…",
Sopratitoli,marker.add.title,Inserisci marcatore,Insert marker,Insérer un repère,Marke einfügen,Insertar marcador,Inserir marcador,
Sopratitoli,marker.add.message.before,"Il marcatore segna l’inizio di una sezione, prima della battuta {number}. Comparirà nella mappa dello spettacolo.","The marker marks the start of a section, before cue {number}. It will appear in the show map.","Le repère marque le début d’une section, avant la réplique {number}. Il apparaîtra dans le plan du spectacle.",Die Marke kennzeichnet den Beginn eines Abschnitts vor Einblendung {number}. Sie erscheint in der Übersicht der Vorstellung.,"El marcador señala el inicio de una sección, antes de la réplica {number}. Aparecerá en el mapa del espectáculo.","O marcador assinala o início de uma secção, antes da fala {number}. Aparecerá no mapa do espetáculo.",
Sopratitoli,marker.add.message,Il marcatore segna l’inizio di una sezione e comparirà nella mappa dello spettacolo.,The marker marks the start of a section and will appear in the show map.,Le repère marque le début d’une section et apparaîtra dans le plan du spectacle.,Die Marke kennzeichnet den Beginn eines Abschnitts und erscheint in der Übersicht der Vorstellung.,El marcador señala el inicio de una sección y aparecerá en el mapa del espectáculo.,O marcador assinala o início de uma secção e aparecerá no mapa do espetáculo.,
Sopratitoli,marker.edit.title,Modifica marcatore,Edit marker,Modifier le repère,Marke bearbeiten,Editar marcador,Editar marcador,
Sopratitoli,marker.edit.message,Cambia il tipo o il titolo della sezione.,Change the type or title of the section.,Changez le type ou le titre de la section.,Art oder Titel des Abschnitts ändern.,Cambia el tipo o el título de la sección.,Altere o tipo ou o título da secção.,
Sopratitoli,marker.delete.title,Elimina marcatore,Delete marker,Supprimer le repère,Marke löschen,Eliminar marcador,Eliminar marcador,
Sopratitoli,marker.delete.message,Vuoi eliminare il marcatore “{title}”? Le battute restano dove sono. Potrai annullare con Command/Ctrl+Z.,Delete the marker “{title}”? The cues stay where they are. You can undo with Command/Ctrl+Z.,Supprimer le repère « {title} » ? Les répliques restent à leur place. Vous pouvez annuler avec Commande/Ctrl+Z.,"Die Marke „{title}“ löschen? Die Einblendungen bleiben, wo sie sind. Mit Befehl/Strg+Z rückgängig machen.",¿Eliminar el marcador «{title}»? Las réplicas se quedan donde están. Puedes deshacer con Comando/Ctrl+Z.,Eliminar o marcador «{title}»? As falas ficam onde estão. Pode anular com Comando/Ctrl+Z.,
Sopratitoli,cue.delete.title,Elimina sopratitolo,Delete surtitle,Supprimer le surtitre,Übertitel löschen,Eliminar sobretítulo,Eliminar legenda,
Sopratitoli,cue.delete.message,Vuoi eliminare il sopratitolo {number}? Potrai annullare con Command/Ctrl+Z.,Delete surtitle {number}? You can undo with Command/Ctrl+Z.,Supprimer le surtitre {number} ? Vous pouvez annuler avec Commande/Ctrl+Z.,Übertitel {number} löschen? Mit Befehl/Strg+Z rückgängig machen.,¿Eliminar el sobretítulo {number}? Puedes deshacer con Comando/Ctrl+Z.,Eliminar a legenda {number}? Pode anular com Comando/Ctrl+Z.,
Sopratitoli,cue.split.cursor.title,Posiziona il cursore,Place the cursor,Placez le curseur,Cursor setzen,Coloca el cursor,Coloque o cursor,
Sopratitoli,cue.split.cursor.message,Clicca nel testo della lingua che vuoi dividere e lascia il cursore nel punto esatto della separazione.,Click in the text of the language you want to split and leave the cursor exactly where the split should go.,Cliquez dans le texte de la langue à diviser et laissez le curseur exactement là où doit se faire la coupure.,"Klicken Sie in den Text der Sprache, die geteilt werden soll, und setzen Sie den Cursor genau an die Trennstelle.",Haz clic en el texto del idioma que quieres dividir y deja el cursor justo donde debe ir el corte.,Clique no texto da língua que quer dividir e deixe o cursor exatamente onde deve ficar o corte.,
Sopratitoli,cue.split.title,Dividi sopratitolo,Split surtitle,Diviser le surtitre,Übertitel teilen,Dividir sobretítulo,Dividir legenda,
Sopratitoli,cue.split.message,Come vuoi gestire il testo delle altre lingue?,What should happen to the text in the other languages?,Que faire du texte dans les autres langues ?,Was soll mit dem Text in den anderen Sprachen geschehen?,¿Qué hacer con el texto de los otros idiomas?,O que fazer ao texto nas outras línguas?,
Sopratitoli,cue.split.first,Lascialo nella prima battuta,Keep it in the first cue,Le garder dans la première réplique,In der ersten Einblendung behalten,Mantenerlo en la primera réplica,Manter na primeira fala,
Sopratitoli,cue.split.second,Spostalo nella seconda battuta,Move it to the second cue,Le déplacer dans la deuxième réplique,In die zweite Einblendung verschieben,Moverlo a la segunda réplica,Mover para a segunda fala,
Sopratitoli,cue.split.detail,Solo la lingua sotto il cursore viene divisa.,Only the language under the cursor is split.,Seule la langue où se trouve le curseur est divisée.,Nur die Sprache mit dem Cursor wird geteilt.,Solo se divide el idioma donde está el cursor.,Só é dividida a língua onde está o cursor.,
Sopratitoli,error.notFound,Sopratitolo non trovato.,Surtitle not found.,Surtitre introuvable.,Übertitel nicht gefunden.,Sobretítulo no encontrado.,Legenda não encontrada.,
Sopratitoli,error.noPrevious,Non ci sono sopratitoli precedenti da unire.,There is no previous surtitle to merge with.,Il n’y a pas de surtitre précédent avec lequel fusionner.,Es gibt keinen vorherigen Übertitel zum Zusammenführen.,No hay un sobretítulo anterior con el que unir.,Não há uma legenda anterior com a qual juntar.,
Sopratitoli,error.noNext,Non ci sono sopratitoli successivi da unire.,There is no next surtitle to merge with.,Il n’y a pas de surtitre suivant avec lequel fusionner.,Es gibt keinen nächsten Übertitel zum Zusammenführen.,No hay un sobretítulo siguiente con el que unir.,Não há uma legenda seguinte com a qual juntar.,
Sopratitoli,error.addFromMarker,Non puoi aggiungere un sopratitolo da un marcatore.,You cannot add a surtitle from a marker.,Impossible d’ajouter un surtitre à partir d’un repère.,Von einer Marke aus kann kein Übertitel eingefügt werden.,No se puede añadir un sobretítulo desde un marcador.,Não é possível adicionar uma legenda a partir de um marcador.,
Sopratitoli,error.deleteMarker,Questa azione non elimina i marcatori.,This action does not delete markers.,Cette action ne supprime pas les repères.,Diese Aktion löscht keine Marken.,Esta acción no elimina marcadores.,Esta ação não elimina marcadores.,
Sopratitoli,error.lastCue,Deve rimanere almeno un sopratitolo.,At least one surtitle must remain.,Il doit rester au moins un surtitre.,Mindestens ein Übertitel muss bleiben.,Debe quedar al menos un sobretítulo.,Tem de ficar pelo menos uma legenda.,
Sopratitoli,error.mergeMarker,Non puoi unire un sopratitolo con un marcatore.,You cannot merge a surtitle with a marker.,Impossible de fusionner un surtitre avec un repère.,Ein Übertitel kann nicht mit einer Marke zusammengeführt werden.,No se puede unir un sobretítulo con un marcador.,Não é possível juntar uma legenda com um marcador.,
Sopratitoli,error.splitMarker,Non puoi dividere un marcatore.,You cannot split a marker.,Impossible de diviser un repère.,Eine Marke kann nicht geteilt werden.,No se puede dividir un marcador.,Não é possível dividir um marcador.,
Sopratitoli,error.invalidChoice,Scelta non valida per le altre lingue.,Invalid choice for the other languages.,Choix non valide pour les autres langues.,Ungültige Auswahl für die anderen Sprachen.,Opción no válida para los otros idiomas.,Opção inválida para as outras línguas.,
Sopratitoli,error.cursor,Metti il cursore nel punto in cui vuoi dividere il sopratitolo.,Place the cursor where you want to split the surtitle.,Placez le curseur là où vous voulez diviser le surtitre.,"Setzen Sie den Cursor an die Stelle, an der der Übertitel geteilt werden soll.",Coloca el cursor donde quieres dividir el sobretítulo.,Coloque o cursor onde quer dividir a legenda.,
Lingue,langs.title,Lingue del progetto,Project languages,Langues du projet,Projektsprachen,Idiomas del proyecto,Línguas do projeto,
Lingue,langs.intro,Le lingue in cui sono scritte le battute. La principale è il riferimento del copione.,The languages the cues are written in. The primary one is the reference for the script.,Les langues dans lesquelles les répliques sont écrites. La langue principale sert de référence pour le texte.,"Die Sprachen, in denen die Einblendungen geschrieben sind. Die Hauptsprache ist die Referenz für den Text.",Los idiomas en los que están escritas las réplicas. El principal es la referencia del texto.,As línguas em que as falas estão escritas. A principal é a referência do texto.,
Lingue,langs.close,Chiudi,Close,Fermer,Schließen,Cerrar,Fechar,
Lingue,langs.close.title,Chiudi (Esc),Close (Esc),Fermer (Échap),Schließen (Esc),Cerrar (Esc),Fechar (Esc),
Lingue,langs.name.aria,Nome della lingua {code},Name of language {code},Nom de la langue {code},Name der Sprache {code},Nombre del idioma {code},Nome da língua {code},
Lingue,langs.count.title,{filled} battute su {total} tradotte,{filled} of {total} cues translated,{filled} répliques traduites sur {total},{filled} von {total} Einblendungen übersetzt,{filled} de {total} réplicas traducidas,{filled} de {total} falas traduzidas,
Lingue,langs.primary,Principale,Primary,Principale,Hauptsprache,Principal,Principal,
Lingue,langs.primary.title,Lingua principale,Primary language,Langue principale,Hauptsprache,Idioma principal,Língua principal,
Lingue,langs.makePrimary,Rendi principale,Make primary,Définir comme principale,Zur Hauptsprache machen,Hacer principal,Tornar principal,
Lingue,langs.makePrimary.title,Imposta come lingua principale,Set as primary language,Définir comme langue principale,Als Hauptsprache festlegen,Establecer como idioma principal,Definir como língua principal,
Lingue,langs.delete.aria,Elimina {language},Delete {language},Supprimer {language},{language} löschen,Eliminar {language},Eliminar {language},
Lingue,langs.delete.title,Elimina lingua,Delete language,Supprimer la langue,Sprache löschen,Eliminar idioma,Eliminar língua,
Lingue,langs.delete.last,Deve restare almeno una lingua,At least one language must remain,Il doit rester au moins une langue,Mindestens eine Sprache muss bleiben,Debe quedar al menos un idioma,Tem de ficar pelo menos uma língua,
Lingue,langs.delete.message,Vuoi eliminare {language} da «{project}»? Anche i testi in questa lingua verranno rimossi.,Delete {language} from “{project}”? The texts in this language will be removed too.,Supprimer {language} de « {project} » ? Les textes dans cette langue seront aussi supprimés.,{language} aus „{project}“ löschen? Die Texte in dieser Sprache werden ebenfalls entfernt.,¿Eliminar {language} de «{project}»? También se borrarán los textos en este idioma.,Eliminar {language} de «{project}»? Os textos nesta língua também serão apagados.,
Lingue,langs.thisProject,questo progetto,this project,ce projet,diesem Projekt,este proyecto,este projeto,
Lingue,langs.add,Aggiungi lingua,Add language,Ajouter une langue,Sprache hinzufügen,Añadir idioma,Adicionar língua,
Lingue,langs.add.button,Aggiungi,Add,Ajouter,Hinzufügen,Añadir,Adicionar,
Lingue,langs.code.placeholder,"Codice, es. ja","Code, e.g. ja","Code, ex. ja","Code, z. B. ja","Código, p. ej. ja","Código, ex. ja",
Lingue,langs.code.aria,Codice della nuova lingua,Code of the new language,Code de la nouvelle langue,Code der neuen Sprache,Código del nuevo idioma,Código da nova língua,
Lingue,langs.newName.placeholder,"Nome, es. 日本語","Name, e.g. 日本語","Nom, ex. 日本語","Name, z. B. 日本語","Nombre, p. ej. 日本語","Nome, ex. 日本語",
Lingue,langs.newName.aria,Nome della nuova lingua,Name of the new language,Nom de la nouvelle langue,Name der neuen Sprache,Nombre del nuevo idioma,Nome da nova língua,
Lingue,langs.copy,Nella nuova lingua copia i testi di {language} come base da tradurre,Copy the {language} texts into the new language as a basis for translation,Copier les textes en {language} dans la nouvelle langue comme base de traduction,Die Texte auf {language} als Übersetzungsgrundlage in die neue Sprache kopieren,Copiar los textos en {language} al nuevo idioma como base para la traducción,Copiar os textos em {language} para a nova língua como base da tradução,
Lingue,langs.done,Fatto,Done,Terminé,Fertig,Listo,Concluído,
Barra laterale,nav.aria,Navigazione principale,Main navigation,Navigation principale,Hauptnavigation,Navegación principal,Navegação principal,
Barra laterale,nav.projects,Progetti,Projects,Projets,Projekte,Proyectos,Projetos,
Barra laterale,nav.cues,Sopratitoli,Surtitles,Surtitres,Übertitel,Sobretítulos,Legendas,
Barra laterale,nav.screens,Schermi,Screens,Écrans,Bildschirme,Pantallas,Ecrãs,
Barra laterale,nav.settings,Impostazioni,Settings,Réglages,Einstellungen,Ajustes,Definições,
Barra laterale,nav.project.aria,Informazioni progetto,Project information,Informations du projet,Projektinformationen,Información del proyecto,Informações do projeto,
Barra laterale,nav.untitled,Senza titolo,Untitled,Sans titre,Ohne Titel,Sin título,Sem título,
Barra laterale,nav.saved,salvato localmente,saved locally,enregistré sur cet ordinateur,auf diesem Computer gespeichert,guardado en este ordenador,guardado neste computador,
Barra laterale,nav.unsaved,modifiche non salvate,unsaved changes,modifications non enregistrées,ungespeicherte Änderungen,cambios sin guardar,alterações não guardadas,
Barra laterale,nav.cueCount.one,{count} sopratitolo,{count} surtitle,{count} surtitre,{count} Übertitel,{count} sobretítulo,{count} legenda,
Barra laterale,nav.cueCount.other,{count} sopratitoli,{count} surtitles,{count} surtitres,{count} Übertitel,{count} sobretítulos,{count} legendas,
Barra laterale,nav.expand,Espandi barra laterale,Expand sidebar,Déplier la barre latérale,Seitenleiste aufklappen,Desplegar la barra lateral,Expandir a barra lateral,
Barra laterale,nav.collapse,Comprimi barra laterale,Collapse sidebar,Replier la barre latérale,Seitenleiste zuklappen,Plegar la barra lateral,Recolher a barra lateral,
Barra laterale,nav.version.aria,Versione applicazione,App version,Version de l’application,App-Version,Versión de la aplicación,Versão da aplicação,
Barra laterale,nav.version,versione {version},version {version},version {version},Version {version},versión {version},versão {version},
Barra laterale,nav.right.expand,Espandi barra destra,Expand right sidebar,Déplier la barre de droite,Rechte Seitenleiste aufklappen,Desplegar la barra derecha,Expandir a barra direita,
Barra laterale,nav.right.collapse,Comprimi barra destra,Collapse right sidebar,Replier la barre de droite,Rechte Seitenleiste zuklappen,Plegar la barra derecha,Recolher a barra direita,
Progetti,projects.title,Progetti,Projects,Projets,Projekte,Proyectos,Projetos,
Progetti,projects.subtitle,I tuoi spettacoli,Your shows,Vos spectacles,Ihre Vorstellungen,Tus espectáculos,Os seus espetáculos,
Progetti,projects.new,Nuovo,New,Nouveau,Neu,Nuevo,Novo,
Progetti,projects.import,Importa,Import,Importer,Importieren,Importar,Importar,
Progetti,projects.save,Salva,Save,Enregistrer,Speichern,Guardar,Guardar,
Progetti,projects.saveAs,Salva con nome…,Save as…,Enregistrer sous…,Speichern unter…,Guardar como…,Guardar como…,
Progetti,projects.search,Cerca progetti…,Search projects…,Rechercher des projets…,Projekte suchen…,Buscar proyectos…,Pesquisar projetos…,
Progetti,projects.view.aria,Visualizzazione progetti,Project view,Affichage des projets,Projektansicht,Vista de proyectos,Vista dos projetos,
Progetti,projects.view.grid,Vista griglia,Grid view,Vue grille,Rasteransicht,Vista de cuadrícula,Vista em grelha,
Progetti,projects.view.list,Vista lista,List view,Vue liste,Listenansicht,Vista de lista,Vista em lista,
Progetti,projects.empty,Nessuno spettacolo trovato.,No shows found.,Aucun spectacle trouvé.,Keine Vorstellungen gefunden.,No se encontró ningún espectáculo.,Nenhum espetáculo encontrado.,
Progetti,projects.count.one,{count} progetto,{count} project,{count} projet,{count} Projekt,{count} proyecto,{count} projeto,
Progetti,projects.count.other,{count} progetti,{count} projects,{count} projets,{count} Projekte,{count} proyectos,{count} projetos,
Progetti,projects.liveShow,Spettacolo dal vivo,Live show,Spectacle vivant,Live-Vorstellung,Espectáculo en vivo,Espetáculo ao vivo,
Progetti,projects.untitled,Senza titolo,Untitled,Sans titre,Ohne Titel,Sin título,Sem título,
Progetti,projects.modified,Modificato {date},Modified {date},Modifié le {date},Geändert am {date},Modificado el {date},Alterado em {date},
Progetti,projects.languageCount.one,{count} lingua,{count} language,{count} langue,{count} Sprache,{count} idioma,{count} língua,
Progetti,projects.languageCount.other,{count} lingue,{count} languages,{count} langues,{count} Sprachen,{count} idiomas,{count} línguas,
Progetti,projects.current,aperto,open,ouvert,geöffnet,abierto,aberto,
Progetti,projects.details.title,Dettagli progetto,Project details,Détails du projet,Projektdetails,Detalles del proyecto,Detalhes do projeto,
Progetti,projects.details.lastModified,Ultima modifica,Last modified,Dernière modification,Zuletzt geändert,Última modificación,Última alteração,
Progetti,projects.details.cues,Battute,Cues,Répliques,Einblendungen,Réplicas,Falas,
Progetti,projects.details.languages,Lingue,Languages,Langues,Sprachen,Idiomas,Línguas,
Progetti,projects.details.manageLanguages,Gestisci,Manage,Gérer,Verwalten,Gestionar,Gerir,
Progetti,projects.details.author,Autore/Autrice,Author,Auteur/Autrice,Autor/Autorin,Autor/Autora,Autor/Autora,
Progetti,projects.details.version,Versione progetto,Project version,Version du projet,Projektversion,Versión del proyecto,Versão do projeto,
Progetti,projects.open,Apri progetto,Open project,Ouvrir le projet,Projekt öffnen,Abrir proyecto,Abrir projeto,
Progetti,projects.editDetails,Modifica dettagli,Edit details,Modifier les détails,Details bearbeiten,Editar detalles,Editar detalhes,
Progetti,projects.actions.aria,Azioni progetto: {title},Project actions: {title},Actions du projet : {title},Projektaktionen: {title},Acciones del proyecto: {title},Ações do projeto: {title},
Progetti,projects.actions.eyebrow,Azioni progetto,Project actions,Actions du projet,Projektaktionen,Acciones del proyecto,Ações do projeto,
Progetti,projects.actions.close,Chiudi,Close,Fermer,Schließen,Cerrar,Fechar,
Progetti,projects.actions.details,Dettagli,Details,Détails,Details,Detalles,Detalhes,
Progetti,projects.actions.detailsHelp,Modifica titolo e metadati.,Edit title and metadata.,Modifier le titre et les métadonnées.,Titel und Metadaten bearbeiten.,Editar el título y los metadatos.,Editar o título e os metadados.,
Progetti,projects.actions.image,Cambia immagine,Change image,Changer l’image,Bild ändern,Cambiar imagen,Mudar imagem,
Progetti,projects.actions.imageHelp,Scegli una nuova anteprima dello spettacolo.,Choose a new preview image for the show.,Choisir un nouvel aperçu du spectacle.,Ein neues Vorschaubild für die Vorstellung wählen.,Elegir una nueva imagen de vista previa del espectáculo.,Escolher uma nova imagem de pré-visualização do espetáculo.,
Progetti,projects.actions.export,Esporta,Export,Exporter,Exportieren,Exportar,Exportar,
Progetti,projects.actions.exportHelp,Prepara una copia del progetto.,Prepare a copy of the project.,Préparer une copie du projet.,Eine Kopie des Projekts vorbereiten.,Preparar una copia del proyecto.,Preparar uma cópia do projeto.,
Progetti,projects.actions.duplicate,Duplica,Duplicate,Dupliquer,Duplizieren,Duplicar,Duplicar,
Progetti,projects.actions.duplicateHelp,Crea una copia modificabile.,Create an editable copy.,Créer une copie modifiable.,Eine bearbeitbare Kopie erstellen.,Crear una copia editable.,Criar uma cópia editável.,
Progetti,projects.actions.languages,Lingue,Languages,Langues,Sprachen,Idiomas,Línguas,
Progetti,projects.actions.languagesHelp,"Aggiungi, rinomina o elimina le lingue.","Add, rename or delete languages.","Ajouter, renommer ou supprimer des langues.","Sprachen hinzufügen, umbenennen oder löschen.","Añadir, renombrar o eliminar idiomas.","Adicionar, mudar o nome ou eliminar línguas.",
Progetti,projects.actions.delete,Elimina,Delete,Supprimer,Löschen,Eliminar,Eliminar,
Progetti,projects.actions.deleteHelp,Rimuovi il progetto da Sténtor.,Remove the project from Sténtor.,Retirer le projet de Sténtor.,Das Projekt aus Sténtor entfernen.,Quitar el proyecto de Sténtor.,Remover o projeto do Sténtor.,
Progetti,projects.dialog.new.title,Nuovo progetto,New project,Nouveau projet,Neues Projekt,Nuevo proyecto,Novo projeto,
Progetti,projects.dialog.new.message,Scegli un titolo per il nuovo progetto.,Choose a title for the new project.,Choisissez un titre pour le nouveau projet.,Wählen Sie einen Titel für das neue Projekt.,Elige un título para el nuevo proyecto.,Escolha um título para o novo projeto.,
Progetti,projects.dialog.new.label,Titolo progetto,Project title,Titre du projet,Projekttitel,Título del proyecto,Título do projeto,
Progetti,projects.dialog.new.default,Nuovo progetto,New project,Nouveau projet,Neues Projekt,Nuevo proyecto,Novo projeto,
Progetti,projects.dialog.new.confirm,Crea,Create,Créer,Erstellen,Crear,Criar,
Progetti,projects.dialog.notFound.title,Progetto non trovato,Project not found,Projet introuvable,Projekt nicht gefunden,Proyecto no encontrado,Projeto não encontrado,
Progetti,projects.dialog.notFound.message,Non riesco a trovare questo spettacolo nella libreria locale.,This show could not be found in the local library.,Ce spectacle est introuvable dans la bibliothèque locale.,Diese Vorstellung wurde in der lokalen Bibliothek nicht gefunden.,No se encuentra este espectáculo en la biblioteca local.,Não foi possível encontrar este espetáculo na biblioteca local.,
Progetti,projects.dialog.details.title,Dettagli,Details,Détails,Details,Detalles,Detalhes,
Progetti,projects.dialog.details.message,Modifica i metadati principali.,Edit the main metadata.,Modifiez les principales métadonnées.,Die wichtigsten Metadaten bearbeiten.,Edita los metadatos principales.,Edite os metadados principais.,
Progetti,projects.dialog.details.titleField,Titolo,Title,Titre,Titel,Título,Título,
Progetti,projects.dialog.details.company,Compagnia / collettivo,Company / collective,Compagnie / collectif,Ensemble / Kollektiv,Compañía / colectivo,Companhia / coletivo,
Progetti,projects.dialog.details.author,Autore/Autrice,Author,Auteur/Autrice,Autor/Autorin,Autor/Autora,Autor/Autora,
Progetti,projects.dialog.image.title,Immagine non importata,Image not imported,Image non importée,Bild nicht importiert,Imagen no importada,Imagem não importada,
Progetti,projects.dialog.image.message,Non riesco a leggere questa immagine.,This image could not be read.,Impossible de lire cette image.,Dieses Bild konnte nicht gelesen werden.,No se puede leer esta imagen.,Não foi possível ler esta imagem.,
Progetti,projects.dialog.image.format,"Formato immagine non valido. Usa JPG, PNG o WebP.","Unsupported image format. Use JPG, PNG or WebP.","Format d’image non pris en charge. Utilisez JPG, PNG ou WebP.","Bildformat nicht unterstützt. Verwenden Sie JPG, PNG oder WebP.","Formato de imagen no compatible. Usa JPG, PNG o WebP.","Formato de imagem não suportado. Use JPG, PNG ou WebP.",
Progetti,projects.dialog.archive.title,Archivia spettacolo,Archive show,Archiver le spectacle,Vorstellung archivieren,Archivar espectáculo,Arquivar espetáculo,
Progetti,projects.dialog.archive.message,Vuoi archiviare “{title}”? Non comparirà più nell’elenco principale.,Archive “{title}”? It will no longer appear in the main list.,Archiver « {title} » ? Il n’apparaîtra plus dans la liste principale.,„{title}“ archivieren? Sie erscheint dann nicht mehr in der Hauptliste.,¿Archivar «{title}»? Ya no aparecerá en la lista principal.,Arquivar «{title}»? Deixará de aparecer na lista principal.,
Progetti,projects.dialog.archive.confirm,Archivia,Archive,Archiver,Archivieren,Archivar,Arquivar,
Progetti,projects.dialog.delete.title,Elimina spettacolo,Delete show,Supprimer le spectacle,Vorstellung löschen,Eliminar espectáculo,Eliminar espetáculo,
Progetti,projects.dialog.delete.message,Vuoi eliminare definitivamente “{title}”?,Permanently delete “{title}”?,Supprimer définitivement « {title} » ?,„{title}“ endgültig löschen?,¿Eliminar definitivamente «{title}»?,Eliminar definitivamente «{title}»?,
Progetti,projects.dialog.thisShow,questo spettacolo,this show,ce spectacle,diese Vorstellung,este espectáculo,este espetáculo,
Progetti,projects.dialog.import.title,Importa spettacolo,Import show,Importer un spectacle,Vorstellung importieren,Importar espectáculo,Importar espetáculo,
Progetti,projects.dialog.import.message,Ci sono modifiche non salvate. Vuoi importare un altro spettacolo e renderlo attivo?,There are unsaved changes. Import another show and make it active?,Certaines modifications ne sont pas enregistrées. Importer un autre spectacle et le rendre actif ?,Es gibt ungespeicherte Änderungen. Eine andere Vorstellung importieren und aktivieren?,Hay cambios sin guardar. ¿Importar otro espectáculo y activarlo?,Há alterações não guardadas. Importar outro espetáculo e torná-lo ativo?,
Progetti,projects.dialog.import.confirm,Importa,Import,Importer,Importieren,Importar,Importar,
Progetti,projects.dialog.importFailed.title,Importazione non riuscita,Import failed,Échec de l’importation,Import fehlgeschlagen,Error al importar,Falha na importação,
Progetti,projects.dialog.importFailed.word,Non sono riuscito a leggere il copione Word. Verifica che sia un file .docx e riprova.,The Word script could not be read. Check that it is a .docx file and try again.,Impossible de lire le texte Word. Vérifiez qu’il s’agit d’un fichier .docx et réessayez.,"Das Word-Textbuch konnte nicht gelesen werden. Prüfen Sie, ob es eine .docx-Datei ist, und versuchen Sie es erneut.",No se pudo leer el libreto de Word. Comprueba que sea un archivo .docx e inténtalo de nuevo.,Não foi possível ler o guião do Word. Verifique se é um ficheiro .docx e tente novamente.,
Progetti,projects.dialog.importFailed.project,Il file selezionato non sembra essere uno spettacolo Sténtor valido.,The selected file does not look like a valid Sténtor show.,Le fichier sélectionné ne semble pas être un spectacle Sténtor valide.,Die ausgewählte Datei scheint keine gültige Sténtor-Vorstellung zu sein.,El archivo seleccionado no parece un espectáculo válido de Sténtor.,O ficheiro selecionado não parece ser um espetáculo Sténtor válido.,
Progetti,projects.dialog.importFailed.generic,Controlla il file e riprova.,Check the file and try again.,Vérifiez le fichier et réessayez.,Datei prüfen und erneut versuchen.,Comprueba el archivo e inténtalo de nuevo.,Verifique o ficheiro e tente novamente.,
Progetti,projects.dialog.save.title,Salva progetto,Save project,Enregistrer le projet,Projekt speichern,Guardar proyecto,Guardar projeto,
Progetti,projects.dialog.saveAs.title,Salva con nome,Save as,Enregistrer sous,Speichern unter,Guardar como,Guardar como,
Progetti,projects.dialog.save.message,Scegli il nome del file progetto da scaricare.,Choose the name of the project file to download.,Choisissez le nom du fichier de projet à télécharger.,Wählen Sie den Namen der Projektdatei zum Herunterladen.,Elige el nombre del archivo de proyecto que se descargará.,Escolha o nome do ficheiro de projeto a transferir.,
Progetti,projects.dialog.save.label,Nome file,File name,Nom du fichier,Dateiname,Nombre del archivo,Nome do ficheiro,
Progetti,projects.dialog.saveFailed.title,Salvataggio non riuscito,Save failed,Échec de l’enregistrement,Speichern fehlgeschlagen,Error al guardar,Falha ao guardar,
Progetti,projects.dialog.saveFailed.message,Non sono riuscito a salvare il progetto. Puoi provare con “Salva con nome”.,The project could not be saved. You can try “Save as”.,Impossible d’enregistrer le projet. Essayez « Enregistrer sous ».,Das Projekt konnte nicht gespeichert werden. Versuchen Sie „Speichern unter“.,No se pudo guardar el proyecto. Prueba con «Guardar como».,Não foi possível guardar o projeto. Experimente «Guardar como».,
Progetti,projects.dialog.recovery.title,Versione non trovata,Version not found,Version introuvable,Version nicht gefunden,Versión no encontrada,Versão não encontrada,
Progetti,projects.dialog.recovery.message,La versione automatica selezionata non è più disponibile.,The selected automatic version is no longer available.,La version automatique sélectionnée n’est plus disponible.,Die gewählte automatische Version ist nicht mehr verfügbar.,La versión automática seleccionada ya no está disponible.,A versão automática selecionada já não está disponível.,
Progetti,projects.newShow,Nuovo spettacolo,New show,Nouveau spectacle,Neue Vorstellung,Nuevo espectáculo,Novo espetáculo,
Progetti,dialog.language.code,Codice lingua,Language code,Code de langue,Sprachcode,Código de idioma,Código da língua,
Progetti,dialog.language.name,Nome lingua,Language name,Nom de la langue,Name der Sprache,Nombre del idioma,Nome da língua,
Progetti,dialog.language.copy,Copia nella nuova lingua il testo già presente nella lingua attiva,Copy the text of the active language into the new language,Copier dans la nouvelle langue le texte de la langue active,Den Text der aktiven Sprache in die neue Sprache kopieren,Copiar al nuevo idioma el texto del idioma activo,Copiar para a nova língua o texto da língua ativa,
Progetti,app.about.message,"Sténtor Desktop {version}
Sopratitoli per spettacolo dal vivo.","Sténtor Desktop {version}
Surtitles for live performance.","Sténtor Desktop {version}
Surtitres pour le spectacle vivant.","Sténtor Desktop {version}
Übertitel für Live-Aufführungen.","Sténtor Desktop {version}
Sobretítulos para espectáculos en vivo.","Sténtor Desktop {version}
Legendas para espetáculos ao vivo.",
Progetti,app.shortcuts.title,Scorciatoie da tastiera,Keyboard shortcuts,Raccourcis clavier,Tastenkürzel,Atajos de teclado,Atalhos de teclado,
Progetti,app.shortcuts.message,"Le scorciatoie si vedono e si cambiano nella card “Scorciatoie”, a destra nella pagina Sopratitoli.","You can see and change the shortcuts in the “Shortcuts” card, on the right of the Surtitles page.","Les raccourcis se consultent et se modifient dans la carte « Raccourcis », à droite de la page Surtitres.",Die Tastenkürzel sehen und ändern Sie in der Karte „Tastenkürzel“ rechts auf der Seite Übertitel.,"Los atajos se consultan y se cambian en la tarjeta «Atajos», a la derecha de la página Sobretítulos.","Os atalhos podem ser vistos e alterados no cartão «Atalhos», à direita da página Legendas.",
Schermi,screens.aria,Schermi Sténtor Lite,Sténtor Lite screens,Écrans Sténtor Lite,Sténtor-Lite-Bildschirme,Pantallas de Sténtor Lite,Ecrãs do Sténtor Lite,
Schermi,screens.toolbar.aria,Controlli Schermi,Screen controls,Commandes des écrans,Bildschirmsteuerung,Controles de pantallas,Comandos dos ecrãs,
Schermi,screens.eyebrow,Schermi,Screens,Écrans,Bildschirme,Pantallas,Ecrãs,
Schermi,screens.heading,Proiezione sopratitoli,Surtitle projection,Projection des surtitres,Übertitel-Projektion,Proyección de sobretítulos,Projeção de legendas,
Schermi,screens.add,+ Aggiungi schermo,+ Add screen,+ Ajouter un écran,+ Bildschirm hinzufügen,+ Añadir pantalla,+ Adicionar ecrã,
Schermi,screens.open,Apri schermo,Open screen,Ouvrir l’écran,Bildschirm öffnen,Abrir pantalla,Abrir ecrã,
Schermi,screens.fullscreen,Schermo intero,Fullscreen,Plein écran,Vollbild,Pantalla completa,Ecrã inteiro,
Schermi,screens.blackout,Buio,Blackout,Noir,Blackout,Oscuro,Negro,
Schermi,screens.showText,Mostra testo,Show text,Afficher le texte,Text zeigen,Mostrar texto,Mostrar texto,
Schermi,screens.list.aria,Schermi configurati,Configured screens,Écrans configurés,Eingerichtete Bildschirme,Pantallas configuradas,Ecrãs configurados,
Schermi,screens.list.title,Schermi,Screens,Écrans,Bildschirme,Pantallas,Ecrãs,
Schermi,screens.preview,Anteprima,Preview,Aperçu,Vorschau,Vista previa,Pré-visualização,
Schermi,screens.inspector.aria,Impostazioni schermo,Screen settings,Réglages de l’écran,Bildschirmeinstellungen,Ajustes de pantalla,Definições do ecrã,
Schermi,screens.inspector.title,Impostazioni,Settings,Réglages,Einstellungen,Ajustes,Definições,
Schermi,screens.section.screen,Schermo,Screen,Écran,Bildschirm,Pantalla,Ecrã,
Schermi,screens.field.name,Nome,Name,Nom,Name,Nombre,Nome,
Schermi,screens.field.language,Lingua,Language,Langue,Sprache,Idioma,Língua,
Schermi,screens.field.followActive,Segue lingua attiva,Follows the active language,Suit la langue active,Folgt der aktiven Sprache,Sigue el idioma activo,Segue a língua ativa,
Schermi,screens.field.format,Formato,Format,Format,Format,Formato,Formato,
Schermi,screens.section.look,Aspetto,Appearance,Apparence,Darstellung,Aspecto,Aspeto,
Schermi,screens.field.font,Carattere,Font,Police,Schrift,Tipo de letra,Tipo de letra,
Schermi,screens.field.size,Dimensione,Size,Taille,Größe,Tamaño,Tamanho,
Schermi,screens.field.width,Larghezza,Width,Largeur,Breite,Anchura,Largura,
Schermi,screens.field.position,Posizione,Position,Position,Position,Posición,Posição,
Schermi,screens.position.top,Alto,Top,Haut,Oben,Arriba,Cima,
Schermi,screens.position.center,Centro,Centre,Centre,Mitte,Centro,Centro,
Schermi,screens.position.bottom,Basso,Bottom,Bas,Unten,Abajo,Baixo,
Schermi,screens.field.text,Testo,Text,Texte,Text,Texto,Texto,
Schermi,screens.field.background,Sfondo,Background,Fond,Hintergrund,Fondo,Fundo,
Schermi,screens.resetStyle,Ripristina stile,Reset style,Rétablir le style,Stil zurücksetzen,Restablecer estilo,Repor estilo,
Schermi,screens.delete,Elimina schermo,Delete screen,Supprimer l’écran,Bildschirm löschen,Eliminar pantalla,Eliminar ecrã,
Schermi,screens.status.blackout,Buio,Blackout,Noir,Blackout,Oscuro,Negro,
Schermi,screens.status.live,Live,Live,En direct,Live,En directo,Em direto,
Schermi,screens.status.standby,Standby,Standby,En attente,Bereit,En espera,Em espera,
Schermi,screens.status.active,Attivo,Active,Actif,Aktiv,Activa,Ativo,
Schermi,screens.aspect.16:9,16:9 panoramico,16:9 widescreen,16:9 panoramique,16:9 Breitbild,16:9 panorámico,16:9 panorâmico,
Schermi,screens.aspect.4:3,4:3 classico,4:3 classic,4:3 classique,4:3 klassisch,4:3 clásico,4:3 clássico,
Schermi,screens.aspect.free,Libero,Free,Libre,Frei,Libre,Livre,
Schermi,screens.font.system,Sistema sans,System sans,Sans système,System (serifenlos),Sans del sistema,Sans do sistema,
Schermi,screens.previewText.foyer,"Inquadra il QR code per seguire sopratitoli, traduzioni e audiodescrizione.","Scan the QR code to follow surtitles, translations and audio description.","Scannez le QR code pour suivre les surtitres, les traductions et l’audiodescription.","QR-Code scannen, um Übertitel, Übersetzungen und Audiodeskription zu verfolgen.","Escanea el código QR para seguir los sobretítulos, las traducciones y la audiodescripción.","Leia o código QR para acompanhar as legendas, as traduções e a audiodescrição.",
Schermi,screens.previewText.audioInfo,Audiodescrizione disponibile sul tuo smartphone.,Audio description available on your smartphone.,Audiodescription disponible sur votre smartphone.,Audiodeskription auf Ihrem Smartphone verfügbar.,Audiodescripción disponible en tu smartphone.,Audiodescrição disponível no seu smartphone.,
Schermi,screens.previewText.empty,Schermo pulito,Empty screen,Écran vide,Leerer Bildschirm,Pantalla vacía,Ecrã vazio,
Schermi,screens.dialog.new.title,Nuovo schermo,New screen,Nouvel écran,Neuer Bildschirm,Nueva pantalla,Novo ecrã,
Schermi,screens.dialog.new.message,Dai un nome al nuovo schermo.,Give the new screen a name.,Donnez un nom au nouvel écran.,Geben Sie dem neuen Bildschirm einen Namen.,Ponle un nombre a la nueva pantalla.,Dê um nome ao novo ecrã.,
Schermi,screens.dialog.new.label,Nome schermo,Screen name,Nom de l’écran,Name des Bildschirms,Nombre de la pantalla,Nome do ecrã,
Schermi,screens.dialog.new.default,Nuovo schermo,New screen,Nouvel écran,Neuer Bildschirm,Nueva pantalla,Novo ecrã,
Schermi,screens.dialog.new.confirm,Crea,Create,Créer,Erstellen,Crear,Criar,
Schermi,screens.dialog.delete.title,Elimina schermo,Delete screen,Supprimer l’écran,Bildschirm löschen,Eliminar pantalla,Eliminar ecrã,
Schermi,screens.dialog.delete.message,Eliminare lo schermo “{name}”?,Delete the screen “{name}”?,Supprimer l’écran « {name} » ?,Den Bildschirm „{name}“ löschen?,¿Eliminar la pantalla «{name}»?,Eliminar o ecrã «{name}»?,
Schermi,screens.dialog.blocked.title,Schermo di proiezione non aperto,Projection screen not opened,Écran de projection non ouvert,Projektionsbildschirm nicht geöffnet,Pantalla de proyección no abierta,Ecrã de projeção não aberto,
Schermi,screens.dialog.blocked.message,Il programma non è riuscito ad aprire lo schermo di proiezione. Consenti le finestre a comparsa per Sténtor e riprova.,The projection screen could not be opened. Allow pop-up windows for Sténtor and try again.,Impossible d’ouvrir l’écran de projection. Autorisez les fenêtres pop-up pour Sténtor et réessayez.,Der Projektionsbildschirm konnte nicht geöffnet werden. Erlauben Sie Pop-up-Fenster für Sténtor und versuchen Sie es erneut.,No se pudo abrir la pantalla de proyección. Permite las ventanas emergentes para Sténtor e inténtalo de nuevo.,Não foi possível abrir o ecrã de projeção. Permita janelas pop-up para o Sténtor e tente novamente.,
Impostazioni,settings.title,Impostazioni,Settings,Réglages,Einstellungen,Ajustes,Definições,
Impostazioni,settings.subtitle,Lingua dell’interfaccia e informazioni sull’applicazione.,Interface language and app information.,Langue de l’interface et informations sur l’application.,Sprache der Oberfläche und Informationen zur App.,Idioma de la interfaz e información de la aplicación.,Língua da interface e informações da aplicação.,
Impostazioni,settings.interface,Interfaccia,Interface,Interface,Oberfläche,Interfaz,Interface,
Impostazioni,settings.appLanguage,Lingua interfaccia,Interface language,Langue de l’interface,Sprache der Oberfläche,Idioma de la interfaz,Língua da interface,
Impostazioni,settings.appLanguageHelp,Cambia la lingua dei comandi e dell’interfaccia dell’applicazione. Le lingue del copione e degli schermi restano separate.,Changes the language of the app’s commands and interface. Script and screen languages stay separate.,Change la langue des commandes et de l’interface de l’application. Les langues du texte et des écrans restent séparées.,Ändert die Sprache der Befehle und der Oberfläche. Die Sprachen des Textbuchs und der Bildschirme bleiben getrennt.,Cambia el idioma de los comandos y de la interfaz. Los idiomas del libreto y de las pantallas siguen siendo independientes.,Altera a língua dos comandos e da interface. As línguas do guião e dos ecrãs mantêm-se separadas.,
Impostazioni,settings.about,Informazioni,About,Informations,Informationen,Información,Informações,
Impostazioni,settings.version,Versione,Version,Version,Version,Versión,Versão,
Impostazioni,settings.language.close,Chiudi,Close,Fermer,Schließen,Cerrar,Fechar,
Impostazioni,settings.language.eyebrow,Lingua interfaccia,Interface language,Langue de l’interface,Sprache der Oberfläche,Idioma de la interfaz,Língua da interface,
Impostazioni,settings.language.title,Scegli la lingua di Sténtor,Choose Sténtor’s language,Choisissez la langue de Sténtor,Sprache von Sténtor wählen,Elige el idioma de Sténtor,Escolha a língua do Sténtor,
Impostazioni,settings.language.help,"Modifica comandi, menu e impostazioni. Le lingue del copione restano separate.","Changes commands, menus and settings. Script languages stay separate.","Change les commandes, les menus et les réglages. Les langues du texte restent séparées.","Ändert Befehle, Menüs und Einstellungen. Die Sprachen des Textbuchs bleiben getrennt.","Cambia comandos, menús y ajustes. Los idiomas del libreto siguen siendo independientes.","Altera comandos, menus e definições. As línguas do guião mantêm-se separadas.",
Impostazioni,settings.language.current,Attuale: {name},Current: {name},Actuelle : {name},Aktuell: {name},Actual: {name},Atual: {name},
Impostazioni,settings.language.chosen,Scelta: {name},Selected: {name},Choisie : {name},Ausgewählt: {name},Elegido: {name},Escolhida: {name},
Impostazioni,settings.language.cancel,Annulla,Cancel,Annuler,Abbrechen,Cancelar,Cancelar,
Impostazioni,settings.language.confirm,Scegli lingua,Choose language,Choisir la langue,Sprache wählen,Elegir idioma,Escolher língua,
