area,chiave,italiano,inglese,简体中文,繁體中文,note
Comuni,card.expand,Espandi {name},Expand {name},展开{name},展開{name},
Comuni,card.collapse,Riduci {name},Collapse {name},收起{name},收合{name},
Comuni,card.expandShort,Espandi,Expand,展开,展開,
Comuni,card.collapseShort,Riduci,Collapse,收起,收合,
Comuni,common.cancel,Annulla,Cancel,取消,取消,
Comuni,common.save,Salva,Save,保存,儲存,
Comuni,common.delete,Elimina,Delete,删除,刪除,
Comuni,common.insert,Inserisci,Insert,插入,插入,
Comuni,common.edit,Modifica,Edit,编辑,編輯,
Comuni,common.other,Altro,Other,其他,其他,
Comuni,common.notPossible,Operazione non possibile,Not possible,无法执行此操作,無法執行此操作,
Comuni,common.undoHint,Puoi annullare con Command/Ctrl+Z.,You can undo with Command/Ctrl+Z.,可用 Command/Ctrl+Z 撤销。,可用 Command/Ctrl+Z 復原。,
Comuni,count.cues.one,{count} battuta,{count} cue,{count} 条字幕,{count} 則字幕,
Comuni,count.cues.other,{count} battute,{count} cues,{count} 条字幕,{count} 則字幕,
Comuni,count.lines.one,{count} riga,{count} line,{count} 行,{count} 行,
Comuni,count.lines.other,{count} righe,{count} lines,{count} 行,{count} 行,
Comuni,marker.type.act,Atto,Act,幕,幕,
Comuni,marker.type.scene,Scena,Scene,场,場,
Comuni,marker.type.picture,Quadro,Tableau,景,景,
Comuni,marker.type.interval,Intervallo,Interval,幕间休息,中場休息,
Comuni,marker.type.other,Altro,Other,其他,其他,
Comuni,marker.default,Marcatore,Marker,标记,標記,
Mappa,map.title,Mappa,Map,结构,結構,
Mappa,map.aria,Mappa dello spettacolo,Show map,演出结构,演出結構,
Mappa,map.hint,Clic: vai all’inizio della sezione,Click: go to the start of the section,点击：跳到该段落开头,點按：跳到該段落開頭,
Mappa,map.subtitle,Indice dello spettacolo,Show outline,演出目录,演出目錄,
Mappa,map.add.title,Inserisci un marcatore prima della battuta selezionata,Insert a marker before the selected cue,在所选字幕条之前插入标记,在所選字幕之前插入標記,
Mappa,map.add.aria,Inserisci marcatore,Insert marker,插入标记,插入標記,
Mappa,map.start,Inizio,Start,开头,開頭,
Mappa,map.range.none,nessuna battuta,no cues,没有字幕条,沒有字幕,
Mappa,map.range.single,battuta {number},cue {number},第 {number} 条,第 {number} 則,
Mappa,map.goTo,Vai a {title},Go to {title},跳到{title},跳到{title},
Mappa,map.emptySection,{title}: nessuna battuta in questa sezione,{title}: no cues in this section,{title}：此段落没有字幕条,{title}：此段落沒有字幕,
Mappa,map.empty,Seleziona la battuta dove inizia un atto o una scena e premi <icon/> per inserire un marcatore.,Select the cue where an act or scene begins and press <icon/> to insert a marker.,选择一幕或一场开始的字幕条，然后按 <icon/> 插入标记。,選取一幕或一場開始的字幕，然後按 <icon/> 插入標記。,
Tempi,time.title,Tempi,Timing,计时,計時,
Tempi,time.dialog.clear.title,Azzera i tempi delle battute,Clear cue timings,清除字幕条时间,清除字幕時間,
Tempi,time.dialog.clear.message,Vuoi cancellare i tempi registrati di tutte le battute? Le durate delle recite restano.,Delete the recorded timings of all cues? Performance durations are kept.,要清除所有字幕条已录制的时间吗？各场演出的时长会保留。,要清除所有字幕已錄製的時間嗎？各場演出的長度會保留。,
Tempi,time.dialog.clear.confirm,Azzera tempi,Clear timings,清除时间,清除時間,
Tempi,time.dialog.reset.title,Azzera il cronometro,Reset the stopwatch,秒表归零,碼錶歸零,
Tempi,time.dialog.reset.message,Il tempo di questa recita verrà azzerato senza essere salvato.,The time of this performance will be reset without being saved.,本场演出的时间将归零且不保存。,本場演出的時間將歸零且不儲存。,
Tempi,time.dialog.reset.confirm,Azzera,Reset,归零,歸零,
Tempi,time.status.running,in corso,running,进行中,進行中,
Tempi,time.status.paused,in pausa,paused,已暂停,已暫停,
Tempi,time.status.idle,fermo,stopped,已停止,已停止,
Tempi,time.pause,Pausa,Pause,暂停,暫停,
Tempi,time.resume,Riprendi,Resume,继续,繼續,
Tempi,time.start,Avvia,Start,开始,開始,
Tempi,time.finish,Termina,Finish,结束,結束,
Tempi,time.finish.title,Ferma e salva le durate di questa recita,Stop and save the durations of this performance,停止并保存本场演出的时长,停止並儲存本場演出的長度,
Tempi,time.reset,Azzera senza salvare,Reset without saving,归零且不保存,歸零且不儲存,
Tempi,time.cues.title,Tempi delle battute,Cue timings,字幕条时间,字幕時間,
Tempi,time.cues.count,{timed} di {total},{timed} of {total},{timed}/{total},{timed}/{total},
Tempi,time.mode.manual,Manuale,Manual,手动,手動,
Tempi,time.mode.record,Registra,Record,录制,錄製,
Tempi,time.mode.play,Riproduci,Play,播放,播放,
Tempi,time.manual.text,Conduci tu con Avanti. I tempi registrati non vengono usati.,You run the show with Next. Recorded timings are not used.,由你用“下一条”控制演出。不使用已录制的时间。,由你用「下一則」控制演出。不使用已錄製的時間。,
Tempi,time.record.step1,Porta in proiezione la prima battuta.,Project the first cue.,投出第一条字幕。,投出第一則字幕。,
Tempi,time.record.step2,Premi <b>Avvia</b> quando entra in scena.,Press <b>Start</b> when it comes on stage.,台上开始时按<b>开始</b>。,臺上開始時按<b>開始</b>。,
Tempi,time.record.step3,Conduci con <b>Avanti</b>: ogni cambio viene registrato.,Run the show with <b>Next</b>: every change is recorded.,用<b>下一条</b>推进：每次切换都会被录制。,用<b>下一則</b>推進：每次切換都會被錄製。,
Tempi,time.record.step4,Alla fine premi <b>Termina</b>.,At the end press <b>Finish</b>.,结束时按<b>结束</b>。,結束時按<b>結束</b>。,
Tempi,time.record.running,● Registrazione in corso: ogni Avanti salva il tempo della battuta che entra.,● Recording: every Next saves the time of the incoming cue.,● 正在录制：每次“下一条”都会保存新字幕条的时间。,● 錄製中：每次「下一則」都會儲存新字幕的時間。,
Tempi,time.record.paused,In pausa: i cambi di battuta non vengono registrati.,Paused: cue changes are not recorded.,已暂停：字幕切换不会被录制。,已暫停：字幕切換不會被錄製。,
Tempi,time.play.stop,Ferma,Stop,停止,停止,
Tempi,time.play.from,Riproduci da {number},Play from {number},从第 {number} 条播放,從第 {number} 則播放,
Tempi,time.play.playing,Le battute avanzano da sole. Avanti e Indietro restano attivi: la riproduzione riparte dalla battuta scelta.,Cues advance on their own. Next and Back still work: playback restarts from the chosen cue.,字幕条自动推进。“下一条”和“上一条”仍然可用：播放会从所选字幕条重新开始。,字幕會自動推進。「下一則」和「上一則」仍可使用：播放會從所選字幕重新開始。,
Tempi,time.play.ready,Le battute avanzeranno da sole seguendo i tempi registrati.,Cues will advance on their own following the recorded timings.,字幕条将按已录制的时间自动推进。,字幕將依已錄製的時間自動推進。,
Tempi,time.play.noTime,Questa battuta non ha un tempo registrato: scegline una con il tempo per partire.,This cue has no recorded time: pick one with a time to start.,此字幕条没有录制时间：请选择一条有时间的字幕开始。,此字幕沒有錄製時間：請選取一則有時間的字幕開始。,
Tempi,time.play.none,Nessun tempo registrato: usa prima <b>Registra</b> durante una prova.,No timings recorded yet: first use <b>Record</b> during a rehearsal.,尚未录制任何时间：请先在排练时使用<b>录制</b>。,尚未錄製任何時間：請先在排練時使用<b>錄製</b>。,
Tempi,time.clear,Azzera tempi delle battute,Clear cue timings,清除字幕条时间,清除字幕時間,
Tempi,time.last,Ultima recita · {date},Last performance · {date},上一场演出 · {date},上一場演出 · {date},
Tempi,time.previous,Recite precedenti ({count}),Previous performances ({count}),以往演出（{count}）,以往演出（{count}）,
Tempi,time.hint,Avvia all’inizio della recita. Con i marcatori della Mappa misura anche ogni atto; “Termina” salva le durate nel progetto.,Start at the beginning of the performance. With Map markers it also times each act; “Finish” saves the durations in the project.,演出开始时启动。有结构标记时会分别计时每一幕；“结束”会把时长保存到项目中。,演出開始時啟動。有結構標記時會分別計時每一幕；「結束」會把長度儲存到專案中。,
Strumenti,tools.title,Strumenti,Tools,工具,工具,
Strumenti,tools.tab.check,Verifica,Check,检查,檢查,
Strumenti,tools.tab.clean,Pulizia,Clean up,清理,整理,
Strumenti,tools.cue,Battuta {number},Cue {number},第 {number} 条,第 {number} 則,
Strumenti,tools.cue.info,{lines} · {chars} caratteri,{lines} · {chars} characters,{lines} · {chars} 个字符,{lines} · {chars} 個字元,
Strumenti,tools.cue.empty,vuota in {language},empty in {language},{language} 为空,{language} 為空白,
Strumenti,tools.noIssues,Nessun problema nel copione in {language}.,No issues in the {language} script.,{language}文本没有问题。,{language}文字沒有問題。,
Strumenti,tools.issue.hint,{detail} {cues}: clic per andare alla prossima.,{detail} {cues}: click to go to the next one.,{detail} {cues}：点击跳到下一条。,{detail} {cues}：點按跳到下一則。,
Strumenti,tools.contrast.error,Colori dello schermo poco leggibili,Screen colours hard to read,屏幕颜色难以阅读,螢幕顏色難以閱讀,
Strumenti,tools.contrast.warning,Colori dello schermo appena sufficienti,Screen colours barely readable,屏幕颜色不易阅读,螢幕顏色不易閱讀,
Strumenti,tools.contrast.detail,testo e sfondo troppo simili · cambia i colori in Schermi,text and background too similar · change the colours in Screens,文字与背景颜色太接近 · 请在“屏幕”中修改颜色,文字與背景顏色太接近 · 請在「螢幕」中修改顏色,
Strumenti,tools.limit.title,Caratteri per riga,Characters per line,每行字符数,每行字元數,
Strumenti,tools.limit.custom,Numero di caratteri per riga,Number of characters per line,每行的字符数,每行的字元數,
Strumenti,check.missing.title,Controllo testi mancanti,Missing text check,缺失文本检查,缺少文字檢查,
Strumenti,check.missing.single,senza testo in questa lingua,no text in this language,此语言没有文本,此語言沒有文字,
Strumenti,check.missing.detail,Battute senza testo nella lingua di lavoro.,Cues with no text in the working language.,工作语言中没有文本的字幕条。,工作語言中沒有文字的字幕。,
Strumenti,check.lines.title,Controllo righe,Line count check,行数检查,行數檢查,
Strumenti,check.lines.single,con più di due righe,more than two lines,超过两行,超過兩行,
Strumenti,check.lines.detail,Battute con più di due righe.,Cues with more than two lines.,超过两行的字幕条。,超過兩行的字幕。,
Strumenti,check.long.title,Controllo lunghezza,Length check,长度检查,長度檢查,
Strumenti,check.long.single,troppo lunga,too long,太长,太長,
Strumenti,check.long.detail,Più di {limit} caratteri in una riga o {total} in tutto.,More than {limit} characters in a line or {total} in total.,一行超过 {limit} 个字符，或总计超过 {total} 个。,一行超過 {limit} 個字元，或總計超過 {total} 個。,
Strumenti,check.spacing.title,Controllo spazi,Spacing check,空格检查,空格檢查,
Strumenti,check.spacing.single,con spazi da sistemare,spacing to fix,空格需修正,空格需修正,
Strumenti,check.spacing.detail,Spazi doppi o fuori posto: la scheda Pulizia li corregge.,Double or misplaced spaces: the Clean up tab fixes them.,重复或位置不当的空格：“清理”标签可修正。,重複或位置不當的空格：「整理」分頁可修正。,
Strumenti,clean.scope,Cosa correggere,What to fix,修正范围,修正範圍,
Strumenti,clean.scope.cue,Battuta {number},Cue {number},第 {number} 条,第 {number} 則,
Strumenti,clean.scope.all,Tutto il copione,Whole script,全部文本,全部文字,
Strumenti,clean.spaces.label,Spazi,Spaces,空格,空格,
Strumenti,clean.spaces.help,"Toglie spazi doppi, spazi prima della punteggiatura e spazi a inizio o fine riga.","Removes double spaces, spaces before punctuation and spaces at the start or end of a line.",删除重复空格、标点前的空格以及行首或行尾的空格。,刪除重複空格、標點前的空格，以及行首或行尾的空格。,
Strumenti,clean.emptyLines.label,Righe vuote,Empty lines,空行,空白行,
Strumenti,clean.emptyLines.help,Eliminare eventuali righe presenti vuote dentro le battute,Remove any empty lines inside cues,删除字幕条内部的空行,刪除字幕內部的空白行,
Strumenti,clean.typography.label,Tipografia,Typography,排版,排版,
Strumenti,clean.typography.help,Apostrofo tipografico (’) e tre puntini in un solo carattere (…).,Typographic apostrophe (’) and three dots as a single character (…).,排版撇号（’）以及合为一个字符的省略号（…）。,排版用撇號（’）以及合為一個字元的刪節號（…）。,
Strumenti,clean.footnote,Vale per tutte le lingue. In francese lo spazio davanti a ; : ! ? viene mantenuto (come spazio unificatore).,Applies to all languages. In French the space before ; : ! ? is kept (as a non-breaking space).,适用于所有语言。法语中 ; : ! ? 前的空格会保留（作为不间断空格）。,適用於所有語言。法文中 ; : ! ? 前的空格會保留（作為不斷行空格）。,
Strumenti,clean.apply.cue,Correggi la battuta {number},Fix cue {number},修正第 {number} 条,修正第 {number} 則,
Strumenti,clean.apply.all,Correggi tutto il copione,Fix the whole script,修正全部文本,修正全部文字,
Strumenti,clean.none,Attiva almeno una correzione.,Turn on at least one fix.,请至少开启一项修正。,請至少開啟一項修正。,
Strumenti,clean.done.one,{count} battuta corretta. Puoi annullare con Command/Ctrl+Z.,{count} cue fixed. You can undo with Command/Ctrl+Z.,已修正 {count} 条字幕。可用 Command/Ctrl+Z 撤销。,已修正 {count} 則字幕。可用 Command/Ctrl+Z 復原。,
Strumenti,clean.done.other,{count} battute corrette. Puoi annullare con Command/Ctrl+Z.,{count} cues fixed. You can undo with Command/Ctrl+Z.,已修正 {count} 条字幕。可用 Command/Ctrl+Z 撤销。,已修正 {count} 則字幕。可用 Command/Ctrl+Z 復原。,
Strumenti,clean.nothing,Niente da correggere.,Nothing to fix.,没有需要修正的内容。,沒有需要修正的內容。,
Scorciatoie,shortcuts.title,Scorciatoie,Shortcuts,快捷键,快速鍵,
Scorciatoie,shortcuts.aria,Scorciatoie da tastiera,Keyboard shortcuts,键盘快捷键,鍵盤快速鍵,
Scorciatoie,shortcuts.action.next,Avanti,Next,下一条,下一則,
Scorciatoie,shortcuts.action.next.detail,Proietta la battuta successiva,Projects the next cue,投出下一条字幕,投出下一則字幕,
Scorciatoie,shortcuts.action.previous,Indietro,Back,上一条,上一則,
Scorciatoie,shortcuts.action.previous.detail,Torna alla battuta precedente,Goes back to the previous cue,回到上一条字幕,回到上一則字幕,
Scorciatoie,shortcuts.action.blackout,Schermo vuoto,Blackout,黑场,暗場,
Scorciatoie,shortcuts.action.blackout.detail,Oscura o riaccende lo schermo,Blanks or restores the screen,让屏幕变黑或重新显示,讓螢幕變暗或重新顯示,
Scorciatoie,shortcuts.action.fullscreen,Schermo intero,Fullscreen,全屏,全螢幕,
Scorciatoie,shortcuts.action.fullscreen.detail,Apre l’anteprima a tutto schermo,Opens the preview in fullscreen,以全屏打开预览,以全螢幕開啟預覽,
Scorciatoie,shortcuts.action.browseNext,Seleziona successiva,Select next,选择下一条,選取下一則,
Scorciatoie,shortcuts.action.browseNext.detail,Scorre l’elenco senza proiettare,Moves through the list without projecting,在列表中移动而不投出,在清單中移動而不投出,
Scorciatoie,shortcuts.action.browsePrevious,Seleziona precedente,Select previous,选择上一条,選取上一則,
Scorciatoie,shortcuts.action.browsePrevious.detail,Scorre l’elenco senza proiettare,Moves through the list without projecting,在列表中移动而不投出,在清單中移動而不投出,
Scorciatoie,shortcuts.fixed.aria,Scorciatoie fisse,Fixed shortcuts,固定快捷键,固定快速鍵,
Scorciatoie,shortcuts.fixed.undo,Annulla,Undo,撤销,復原,
Scorciatoie,shortcuts.fixed.redo,Ripeti,Redo,重做,重做,
Scorciatoie,shortcuts.fixed.exitField,Esci dal campo di testo,Leave the text field,退出文本框,離開文字欄位,
Scorciatoie,shortcuts.key.Space,Spazio,Space,空格,空白鍵,
Scorciatoie,shortcuts.key.Enter,Invio,Return,回车,Return,
Scorciatoie,shortcuts.key.Delete,Canc,Del,删除,Delete,
Scorciatoie,shortcuts.key.PageUp,Pag ↑,Page ↑,上翻页,上一頁,
Scorciatoie,shortcuts.key.PageDown,Pag ↓,Page ↓,下翻页,下一頁,
Scorciatoie,shortcuts.key.Home,Inizio,Home,Home,Home,
Scorciatoie,shortcuts.key.End,Fine,End,End,End,
Scorciatoie,shortcuts.key.numpad,{key} (tast. num.),{key} (keypad),{key}（小键盘）,{key}（數字鍵盤）,
Scorciatoie,shortcuts.press,Premi…,Press…,请按键…,請按鍵…,
Scorciatoie,shortcuts.recording.title,Premi il nuovo tasto (Esc annulla),Press the new key (Esc cancels),按下新按键（Esc 取消）,按下新按鍵（Esc 取消）,
Scorciatoie,shortcuts.change.title,Clic per cambiare tasto,Click to change the key,点击更改按键,點按以更改按鍵,
Scorciatoie,shortcuts.change.aria,{action}: {key}. Cambia tasto,{action}: {key}. Change key,{action}：{key}。更改按键,{action}：{key}。更改按鍵,
Scorciatoie,shortcuts.remove.aria,Togli {key} da {action},Remove {key} from {action},从{action}中移除 {key},從{action}中移除 {key},
Scorciatoie,shortcuts.remove.title,Togli questo tasto,Remove this key,移除此按键,移除此按鍵,
Scorciatoie,shortcuts.add.aria,Aggiungi un tasto per {action},Add a key for {action},为{action}添加按键,為{action}新增按鍵,
Scorciatoie,shortcuts.add.title,Aggiungi un tasto,Add a key,添加按键,新增按鍵,
Scorciatoie,shortcuts.hint.recording,Premi il tasto da usare. Esc annulla.,Press the key to use. Esc cancels.,按下要使用的按键。Esc 取消。,按下要使用的按鍵。Esc 取消。,
Scorciatoie,shortcuts.hint.modifiers,"Cmd, Ctrl e Alt restano al sistema: scegli un tasto senza questi.","Cmd, Ctrl and Alt are kept for the system: choose a key without them.",Cmd、Ctrl 和 Alt 保留给系统：请选择不含这些键的按键。,Cmd、Ctrl 和 Alt 保留給系統：請選擇不含這些鍵的按鍵。,
Scorciatoie,shortcuts.hint.invalid,Questo tasto non si può assegnare.,This key cannot be assigned.,无法指定此按键。,無法指定此按鍵。,
Scorciatoie,shortcuts.hint.moved,{key} tolto da “{action}”.,{key} removed from “{action}”.,已从“{action}”中移除 {key}。,已從「{action}」中移除 {key}。,
Scorciatoie,shortcuts.reset,Ripristina tasti predefiniti,Restore default keys,恢复默认按键,回復預設按鍵,
Sopratitoli,cues.current,Attuale,Live,当前,目前,
Sopratitoli,cues.blackout,Schermo vuoto,Blackout,黑场,暗場,
Sopratitoli,cues.list.title,Battute,Cues,字幕条,字幕,
Sopratitoli,cues.list.aria,Sopratitoli in sequenza,Surtitles in sequence,按顺序排列的字幕,依順序排列的字幕,
Sopratitoli,cues.empty,Sopratitolo vuoto,Empty surtitle,空字幕,空白字幕,
Sopratitoli,cues.next,Prossima,Next,下一条,下一則,
Sopratitoli,cues.recordedTime,Tempo registrato: quando entra la battuta,Recorded time: when the cue comes in,录制时间：该字幕条出现的时刻,錄製時間：此則字幕出現的時刻,
Sopratitoli,cues.expand,Espandi modifica sopratitolo {number},Expand editor for surtitle {number},打开第 {number} 条字幕的编辑器,開啟第 {number} 則字幕的編輯器,
Sopratitoli,cues.collapse,Chiudi modifica sopratitolo {number},Close editor for surtitle {number},关闭第 {number} 条字幕的编辑器,關閉第 {number} 則字幕的編輯器,
Sopratitoli,cues.inlineText,Testo sopratitolo {number},Text of surtitle {number},第 {number} 条字幕的文本,第 {number} 則字幕的文字,
Sopratitoli,cues.note.edit,Clic per modificare la nota,Click to edit the note,点击编辑备注,點按以編輯備註,
Sopratitoli,cues.note.label,Nota operatore,Operator note,操作员备注,操作員備註,
Sopratitoli,marker.row.title,Doppio clic: modifica marcatore,Double-click: edit marker,双击：编辑标记,按兩下：編輯標記,
Sopratitoli,marker.edit,Modifica marcatore,Edit marker,编辑标记,編輯標記,
Sopratitoli,marker.edit.aria,Modifica marcatore {title},Edit marker {title},编辑标记{title},編輯標記{title},
Sopratitoli,marker.delete,Elimina marcatore,Delete marker,删除标记,刪除標記,
Sopratitoli,marker.delete.aria,Elimina marcatore {title},Delete marker {title},删除标记{title},刪除標記{title},
Sopratitoli,conductor.aria,Comandi di conduzione,Show controls,演出控制,演出控制,
Sopratitoli,conductor.back,Indietro,Back,上一条,上一則,
Sopratitoli,conductor.next,Avanti,Next,下一条,下一則,
Sopratitoli,conductor.goTo.label,Vai a battuta,Go to cue,跳到字幕条,跳到字幕,
Sopratitoli,conductor.goTo.title,"Numero di battuta, parola del testo o titolo di un marcatore (es. atto 2)","Cue number, a word from the text or a marker title (e.g. act 2)",字幕条编号、文本中的一个词或标记名称（例如：第 2 幕）,字幕編號、文字中的一個詞或標記名稱（例如：第 2 幕）,
Sopratitoli,conductor.goTo.placeholder,Vai a: n° o parola,Go to: no. or word,跳到：编号或词语,跳到：編號或詞語,
Sopratitoli,conductor.goTo.missed,Nessuna battuta trovata,No cue found,未找到字幕条,找不到字幕,
Sopratitoli,conductor.showText,Mostra testo,Show text,显示文字,顯示文字,
Sopratitoli,conductor.blackout,Schermo vuoto,Blackout,黑场,暗場,
Sopratitoli,conductor.projection,Proiezione,Projection,投影,投影,
Sopratitoli,conductor.projection.title,Apri o mostra la finestra di proiezione,Open or show the projection window,打开或显示投影窗口,開啟或顯示投影視窗,
Sopratitoli,conductor.projection.aria,Apri proiezione,Open projection,打开投影,開啟投影,
Sopratitoli,rightColumn.aria,Proprietà,Properties,属性,屬性,
Sopratitoli,toolbar.aria,Modifica struttura sopratitoli,Edit surtitle structure,编辑字幕结构,編輯字幕結構,
Sopratitoli,toolbar.addAfter,Aggiungi dopo,Add after,在后面添加,在後面新增,
Sopratitoli,toolbar.addAfter.aria,Aggiungi sopratitolo dopo,Add surtitle after,在后面添加一条字幕,在後面新增一則字幕,
Sopratitoli,toolbar.split,Dividi,Split,拆分,分割,
Sopratitoli,toolbar.split.aria,Dividi sopratitolo,Split surtitle,拆分字幕,分割字幕,
Sopratitoli,toolbar.merge,Unisci con successiva,Merge with next,与下一条合并,與下一則合併,
Sopratitoli,toolbar.merge.aria,Unisci con il sopratitolo successivo,Merge with the next surtitle,与下一条字幕合并,與下一則字幕合併,
Sopratitoli,toolbar.marker,"Inserisci marcatore (atto, scena…) prima della battuta","Insert marker (act, scene…) before the cue",在字幕条前插入标记（幕、场…）,在字幕前插入標記（幕、場…）,
Sopratitoli,toolbar.marker.aria,Inserisci marcatore prima della battuta selezionata,Insert marker before the selected cue,在所选字幕条前插入标记,在所選字幕前插入標記,
Sopratitoli,toolbar.delete,Elimina,Delete,删除,刪除,
Sopratitoli,toolbar.delete.aria,Elimina sopratitolo,Delete surtitle,删除字幕,刪除字幕,
Sopratitoli,languages.aria,Lingua delle battute,Cue language,字幕语言,字幕語言,
Sopratitoli,languages.progress,{language} · {filled}/{total} battute,{language} · {filled}/{total} cues,{language} · {filled}/{total} 条,{language} · {filled}/{total} 則,
Sopratitoli,languages.manage.title,"Lingue del progetto: aggiungi, rinomina, elimina","Project languages: add, rename, delete",项目语言：添加、重命名、删除,專案語言：新增、重新命名、刪除,
Sopratitoli,languages.manage.aria,Gestisci le lingue del progetto,Manage project languages,管理项目语言,管理專案語言,
Sopratitoli,editor.aria,Modifica sopratitolo {number},Edit surtitle {number},编辑第 {number} 条字幕,編輯第 {number} 則字幕,
Sopratitoli,editor.text.aria,Testo {language} sopratitolo {number},{language} text of surtitle {number},第 {number} 条字幕的{language}文本,第 {number} 則字幕的{language}文字,
Sopratitoli,editor.style.aria,Controlli di stile,Style controls,样式控制,樣式控制,
Sopratitoli,editor.bold,Grassetto,Bold,粗体,粗體,
Sopratitoli,editor.italic,Corsivo,Italic,斜体,斜體,
Sopratitoli,editor.underline,Sottolineato,Underline,下划线,底線,
Sopratitoli,editor.color,Colore testo,Text colour,文字颜色,文字顏色,
Sopratitoli,editor.smaller,Riduci dimensione testo,Decrease text size,缩小文字,縮小文字,
Sopratitoli,editor.larger,Aumenta dimensione testo,Increase text size,放大文字,放大文字,
Sopratitoli,editor.scaleValue,Dimensione testo {value}%,Text size {value}%,文字大小 {value}%,文字大小 {value}%,
Sopratitoli,editor.clear,Rimuovi formattazione,Clear formatting,清除格式,清除格式,
Sopratitoli,editor.notes,Note operatore,Operator notes,操作员备注,操作員備註,
Sopratitoli,editor.notes.aria,Note operatore sopratitolo {number},Operator notes for surtitle {number},第 {number} 条字幕的操作员备注,第 {number} 則字幕的操作員備註,
Sopratitoli,editor.notes.placeholder,Indicazioni per la regia...,Notes for the operator...,给操作员的备注…,給操作員的備註…,
Sopratitoli,editor.chars.single,{count} caratteri (massimo {limit} per riga),{count} characters (maximum {limit} per line),{count} 个字符（每行最多 {limit} 个）,{count} 個字元（每行最多 {limit} 個）,
Sopratitoli,editor.chars.multi,"Caratteri per riga: {counts} (massimo {limit} per riga, {maxLines} righe)","Characters per line: {counts} (maximum {limit} per line, {maxLines} lines)",每行字符数：{counts}（每行最多 {limit} 个，{maxLines} 行）,每行字元數：{counts}（每行最多 {limit} 個，{maxLines} 行）,
Sopratitoli,editor.chars.tooManyLines,{count} righe,{count} lines,{count} 行,{count} 行,
Sopratitoli,dialog.confirm,Conferma,Confirm,确认,確認,
Sopratitoli,dialog.ok,OK,OK,好,好,
Sopratitoli,dialog.marker.type,Tipo marcatore,Marker type,标记类型,標記類型,
Sopratitoli,dialog.marker.title,Titolo,Title,名称,名稱,
Sopratitoli,dialog.marker.placeholder,"Atto I, Scena 2, Intervallo…","Act I, Scene 2, Interval…",第一幕、第二场、幕间休息…,第一幕、第二場、中場休息…,
Sopratitoli,marker.add.title,Inserisci marcatore,Insert marker,插入标记,插入標記,
Sopratitoli,marker.add.message.before,"Il marcatore segna l’inizio di una sezione, prima della battuta {number}. Comparirà nella mappa dello spettacolo.","The marker marks the start of a section, before cue {number}. It will appear in the show map.",标记表示一个段落的开始，位于第 {number} 条之前。它会出现在演出结构中。,標記代表一個段落的開始，位於第 {number} 則之前。它會出現在演出結構中。,
Sopratitoli,marker.add.message,Il marcatore segna l’inizio di una sezione e comparirà nella mappa dello spettacolo.,The marker marks the start of a section and will appear in the show map.,标记表示一个段落的开始，并会出现在演出结构中。,標記代表一個段落的開始，並會出現在演出結構中。,
Sopratitoli,marker.edit.title,Modifica marcatore,Edit marker,编辑标记,編輯標記,
Sopratitoli,marker.edit.message,Cambia il tipo o il titolo della sezione.,Change the type or title of the section.,更改段落的类型或名称。,更改段落的類型或名稱。,
Sopratitoli,marker.delete.title,Elimina marcatore,Delete marker,删除标记,刪除標記,
Sopratitoli,marker.delete.message,Vuoi eliminare il marcatore “{title}”? Le battute restano dove sono. Potrai annullare con Command/Ctrl+Z.,Delete the marker “{title}”? The cues stay where they are. You can undo with Command/Ctrl+Z.,要删除标记“{title}”吗？字幕条位置不变。可用 Command/Ctrl+Z 撤销。,要刪除標記「{title}」嗎？字幕位置不變。可用 Command/Ctrl+Z 復原。,
Sopratitoli,cue.delete.title,Elimina sopratitolo,Delete surtitle,删除字幕,刪除字幕,
Sopratitoli,cue.delete.message,Vuoi eliminare il sopratitolo {number}? Potrai annullare con Command/Ctrl+Z.,Delete surtitle {number}? You can undo with Command/Ctrl+Z.,要删除第 {number} 条字幕吗？可用 Command/Ctrl+Z 撤销。,要刪除第 {number} 則字幕嗎？可用 Command/Ctrl+Z 復原。,
Sopratitoli,cue.split.cursor.title,Posiziona il cursore,Place the cursor,放置光标,放置游標,
Sopratitoli,cue.split.cursor.message,Clicca nel testo della lingua che vuoi dividere e lascia il cursore nel punto esatto della separazione.,Click in the text of the language you want to split and leave the cursor exactly where the split should go.,点击要拆分的语言文本，并把光标放在要拆开的确切位置。,點按要分割的語言文字，並把游標放在要分開的確切位置。,
Sopratitoli,cue.split.title,Dividi sopratitolo,Split surtitle,拆分字幕,分割字幕,
Sopratitoli,cue.split.message,Come vuoi gestire il testo delle altre lingue?,What should happen to the text in the other languages?,其他语言的文本如何处理？,其他語言的文字要如何處理？,
Sopratitoli,cue.split.first,Lascialo nella prima battuta,Keep it in the first cue,保留在第一条,保留在第一則,
Sopratitoli,cue.split.second,Spostalo nella seconda battuta,Move it to the second cue,移到第二条,移到第二則,
Sopratitoli,cue.split.detail,Solo la lingua sotto il cursore viene divisa.,Only the language under the cursor is split.,只拆分光标所在的语言。,只分割游標所在的語言。,
Sopratitoli,error.notFound,Sopratitolo non trovato.,Surtitle not found.,未找到字幕。,找不到字幕。,
Sopratitoli,error.noPrevious,Non ci sono sopratitoli precedenti da unire.,There is no previous surtitle to merge with.,没有可合并的上一条字幕。,沒有可合併的上一則字幕。,
Sopratitoli,error.noNext,Non ci sono sopratitoli successivi da unire.,There is no next surtitle to merge with.,没有可合并的下一条字幕。,沒有可合併的下一則字幕。,
Sopratitoli,error.addFromMarker,Non puoi aggiungere un sopratitolo da un marcatore.,You cannot add a surtitle from a marker.,无法从标记处添加字幕。,無法從標記處新增字幕。,
Sopratitoli,error.deleteMarker,Questa azione non elimina i marcatori.,This action does not delete markers.,此操作不会删除标记。,此操作不會刪除標記。,
Sopratitoli,error.lastCue,Deve rimanere almeno un sopratitolo.,At least one surtitle must remain.,至少需要保留一条字幕。,至少需要保留一則字幕。,
Sopratitoli,error.mergeMarker,Non puoi unire un sopratitolo con un marcatore.,You cannot merge a surtitle with a marker.,无法将字幕与标记合并。,無法將字幕與標記合併。,
Sopratitoli,error.splitMarker,Non puoi dividere un marcatore.,You cannot split a marker.,无法拆分标记。,無法分割標記。,
Sopratitoli,error.invalidChoice,Scelta non valida per le altre lingue.,Invalid choice for the other languages.,其他语言的选项无效。,其他語言的選項無效。,
Sopratitoli,error.cursor,Metti il cursore nel punto in cui vuoi dividere il sopratitolo.,Place the cursor where you want to split the surtitle.,请把光标放在要拆分字幕的位置。,請把游標放在要分割字幕的位置。,
Lingue,langs.title,Lingue del progetto,Project languages,项目语言,專案語言,
Lingue,langs.intro,Le lingue in cui sono scritte le battute. La principale è il riferimento del copione.,The languages the cues are written in. The primary one is the reference for the script.,字幕所使用的语言。主语言是文本的参照。,字幕所使用的語言。主要語言是文字的依據。,
Lingue,langs.close,Chiudi,Close,关闭,關閉,
Lingue,langs.close.title,Chiudi (Esc),Close (Esc),关闭（Esc）,關閉（Esc）,
Lingue,langs.name.aria,Nome della lingua {code},Name of language {code},语言 {code} 的名称,語言 {code} 的名稱,
Lingue,langs.count.title,{filled} battute su {total} tradotte,{filled} of {total} cues translated,已翻译 {filled}/{total} 条,已翻譯 {filled}/{total} 則,
Lingue,langs.primary,Principale,Primary,主语言,主要語言,
Lingue,langs.primary.title,Lingua principale,Primary language,主语言,主要語言,
Lingue,langs.makePrimary,Rendi principale,Make primary,设为主语言,設為主要語言,
Lingue,langs.makePrimary.title,Imposta come lingua principale,Set as primary language,设为主语言,設為主要語言,
Lingue,langs.delete.aria,Elimina {language},Delete {language},删除{language},刪除{language},
Lingue,langs.delete.title,Elimina lingua,Delete language,删除语言,刪除語言,
Lingue,langs.delete.last,Deve restare almeno una lingua,At least one language must remain,至少需要保留一种语言,至少需要保留一種語言,
Lingue,langs.delete.message,Vuoi eliminare {language} da «{project}»? Anche i testi in questa lingua verranno rimossi.,Delete {language} from “{project}”? The texts in this language will be removed too.,要从“{project}”中删除{language}吗？该语言的文本也会被删除。,要從「{project}」中刪除{language}嗎？該語言的文字也會一併刪除。,
Lingue,langs.thisProject,questo progetto,this project,此项目,此專案,
Lingue,langs.add,Aggiungi lingua,Add language,添加语言,新增語言,
Lingue,langs.add.button,Aggiungi,Add,添加,新增,
Lingue,langs.code.placeholder,"Codice, es. ja","Code, e.g. ja",代码，例如 ja,代碼，例如 ja,
Lingue,langs.code.aria,Codice della nuova lingua,Code of the new language,新语言的代码,新語言的代碼,
Lingue,langs.newName.placeholder,"Nome, es. 日本語","Name, e.g. 日本語",名称，例如 日本語,名稱，例如 日本語,
Lingue,langs.newName.aria,Nome della nuova lingua,Name of the new language,新语言的名称,新語言的名稱,
Lingue,langs.copy,Nella nuova lingua copia i testi di {language} come base da tradurre,Copy the {language} texts into the new language as a basis for translation,将{language}文本复制到新语言，作为翻译的基础,將{language}文字複製到新語言，作為翻譯的基礎,
Lingue,langs.done,Fatto,Done,完成,完成,
Barra laterale,nav.aria,Navigazione principale,Main navigation,主导航,主要導覽,
Barra laterale,nav.projects,Progetti,Projects,项目,專案,
Barra laterale,nav.cues,Sopratitoli,Surtitles,字幕,字幕,
Barra laterale,nav.screens,Schermi,Screens,屏幕,螢幕,
Barra laterale,nav.settings,Impostazioni,Settings,设置,設定,
Barra laterale,nav.project.aria,Informazioni progetto,Project information,项目信息,專案資訊,
Barra laterale,nav.untitled,Senza titolo,Untitled,未命名,未命名,
Barra laterale,nav.saved,salvato localmente,saved locally,已保存在本机,已儲存在本機,
Barra laterale,nav.unsaved,modifiche non salvate,unsaved changes,有未保存的更改,有未儲存的變更,
Barra laterale,nav.cueCount.one,{count} sopratitolo,{count} surtitle,{count} 条字幕,{count} 則字幕,
Barra laterale,nav.cueCount.other,{count} sopratitoli,{count} surtitles,{count} 条字幕,{count} 則字幕,
Barra laterale,nav.expand,Espandi barra laterale,Expand sidebar,展开侧边栏,展開側邊欄,
Barra laterale,nav.collapse,Comprimi barra laterale,Collapse sidebar,收起侧边栏,收合側邊欄,
Barra laterale,nav.version.aria,Versione applicazione,App version,应用版本,App 版本,
Barra laterale,nav.version,versione {version},version {version},版本 {version},版本 {version},
Barra laterale,nav.right.expand,Espandi barra destra,Expand right sidebar,展开右侧栏,展開右側欄,
Barra laterale,nav.right.collapse,Comprimi barra destra,Collapse right sidebar,收起右侧栏,收合右側欄,
Progetti,projects.title,Progetti,Projects,项目,專案,
Progetti,projects.subtitle,I tuoi spettacoli,Your shows,你的演出,你的演出,
Progetti,projects.new,Nuovo,New,新建,新增,
Progetti,projects.import,Importa,Import,导入,匯入,
Progetti,projects.save,Salva,Save,保存,儲存,
Progetti,projects.saveAs,Salva con nome…,Save as…,另存为…,另存新檔…,
Progetti,projects.search,Cerca progetti…,Search projects…,搜索项目…,搜尋專案…,
Progetti,projects.view.aria,Visualizzazione progetti,Project view,项目视图,專案檢視方式,
Progetti,projects.view.grid,Vista griglia,Grid view,网格视图,格狀檢視,
Progetti,projects.view.list,Vista lista,List view,列表视图,清單檢視,
Progetti,projects.empty,Nessuno spettacolo trovato.,No shows found.,未找到演出。,找不到演出。,
Progetti,projects.count.one,{count} progetto,{count} project,{count} 个项目,{count} 個專案,
Progetti,projects.count.other,{count} progetti,{count} projects,{count} 个项目,{count} 個專案,
Progetti,projects.liveShow,Spettacolo dal vivo,Live show,现场演出,現場演出,
Progetti,projects.untitled,Senza titolo,Untitled,未命名,未命名,
Progetti,projects.modified,Modificato {date},Modified {date},修改于 {date},修改於 {date},
Progetti,projects.languageCount.one,{count} lingua,{count} language,{count} 种语言,{count} 種語言,
Progetti,projects.languageCount.other,{count} lingue,{count} languages,{count} 种语言,{count} 種語言,
Progetti,projects.current,aperto,open,已打开,已開啟,
Progetti,projects.details.title,Dettagli progetto,Project details,项目详情,專案詳細資料,
Progetti,projects.details.lastModified,Ultima modifica,Last modified,最后修改,最後修改,
Progetti,projects.details.cues,Battute,Cues,字幕条,字幕,
Progetti,projects.details.languages,Lingue,Languages,语言,語言,
Progetti,projects.details.manageLanguages,Gestisci,Manage,管理,管理,
Progetti,projects.details.author,Autore/Autrice,Author,作者,作者,
Progetti,projects.details.version,Versione progetto,Project version,项目版本,專案版本,
Progetti,projects.open,Apri progetto,Open project,打开项目,開啟專案,
Progetti,projects.editDetails,Modifica dettagli,Edit details,编辑详情,編輯詳細資料,
Progetti,projects.actions.aria,Azioni progetto: {title},Project actions: {title},项目操作：{title},專案動作：{title},
Progetti,projects.actions.eyebrow,Azioni progetto,Project actions,项目操作,專案動作,
Progetti,projects.actions.close,Chiudi,Close,关闭,關閉,
Progetti,projects.actions.details,Dettagli,Details,详情,詳細資料,
Progetti,projects.actions.detailsHelp,Modifica titolo e metadati.,Edit title and metadata.,编辑标题和元数据。,編輯標題和中繼資料。,
Progetti,projects.actions.image,Cambia immagine,Change image,更换图片,更換圖片,
Progetti,projects.actions.imageHelp,Scegli una nuova anteprima dello spettacolo.,Choose a new preview image for the show.,为演出选择新的预览图。,為演出選擇新的預覽圖。,
Progetti,projects.actions.export,Esporta,Export,导出,匯出,
Progetti,projects.actions.exportHelp,Prepara una copia del progetto.,Prepare a copy of the project.,准备项目副本。,準備專案副本。,
Progetti,projects.actions.duplicate,Duplica,Duplicate,复制,製作副本,
Progetti,projects.actions.duplicateHelp,Crea una copia modificabile.,Create an editable copy.,创建可编辑的副本。,建立可編輯的副本。,
Progetti,projects.actions.languages,Lingue,Languages,语言,語言,
Progetti,projects.actions.languagesHelp,"Aggiungi, rinomina o elimina le lingue.","Add, rename or delete languages.",添加、重命名或删除语言。,新增、重新命名或刪除語言。,
Progetti,projects.actions.delete,Elimina,Delete,删除,刪除,
Progetti,projects.actions.deleteHelp,Rimuovi il progetto da Sténtor.,Remove the project from Sténtor.,从 Sténtor 中移除项目。,從 Sténtor 中移除專案。,
Progetti,projects.dialog.new.title,Nuovo progetto,New project,新建项目,新增專案,
Progetti,projects.dialog.new.message,Scegli un titolo per il nuovo progetto.,Choose a title for the new project.,为新项目选择一个标题。,為新專案選擇一個標題。,
Progetti,projects.dialog.new.label,Titolo progetto,Project title,项目标题,專案標題,
Progetti,projects.dialog.new.default,Nuovo progetto,New project,新项目,新專案,
Progetti,projects.dialog.new.confirm,Crea,Create,创建,建立,
Progetti,projects.dialog.notFound.title,Progetto non trovato,Project not found,未找到项目,找不到專案,
Progetti,projects.dialog.notFound.message,Non riesco a trovare questo spettacolo nella libreria locale.,This show could not be found in the local library.,在本地资料库中找不到此演出。,在本機資料庫中找不到此演出。,
Progetti,projects.dialog.details.title,Dettagli,Details,详情,詳細資料,
Progetti,projects.dialog.details.message,Modifica i metadati principali.,Edit the main metadata.,编辑主要元数据。,編輯主要中繼資料。,
Progetti,projects.dialog.details.titleField,Titolo,Title,标题,標題,
Progetti,projects.dialog.details.company,Compagnia / collettivo,Company / collective,剧团 / 团体,劇團 / 團體,
Progetti,projects.dialog.details.author,Autore/Autrice,Author,作者,作者,
Progetti,projects.dialog.image.title,Immagine non importata,Image not imported,图片未导入,圖片未匯入,
Progetti,projects.dialog.image.message,Non riesco a leggere questa immagine.,This image could not be read.,无法读取此图片。,無法讀取此圖片。,
Progetti,projects.dialog.image.format,"Formato immagine non valido. Usa JPG, PNG o WebP.","Unsupported image format. Use JPG, PNG or WebP.",不支持此图片格式。请使用 JPG、PNG 或 WebP。,不支援此圖片格式。請使用 JPG、PNG 或 WebP。,
Progetti,projects.dialog.archive.title,Archivia spettacolo,Archive show,归档演出,封存演出,
Progetti,projects.dialog.archive.message,Vuoi archiviare “{title}”? Non comparirà più nell’elenco principale.,Archive “{title}”? It will no longer appear in the main list.,要归档“{title}”吗？它将不再出现在主列表中。,要封存「{title}」嗎？它將不再出現在主清單中。,
Progetti,projects.dialog.archive.confirm,Archivia,Archive,归档,封存,
Progetti,projects.dialog.delete.title,Elimina spettacolo,Delete show,删除演出,刪除演出,
Progetti,projects.dialog.delete.message,Vuoi eliminare definitivamente “{title}”?,Permanently delete “{title}”?,要永久删除“{title}”吗？,要永久刪除「{title}」嗎？,
Progetti,projects.dialog.thisShow,questo spettacolo,this show,此演出,此演出,
Progetti,projects.dialog.import.title,Importa spettacolo,Import show,导入演出,匯入演出,
Progetti,projects.dialog.import.message,Ci sono modifiche non salvate. Vuoi importare un altro spettacolo e renderlo attivo?,There are unsaved changes. Import another show and make it active?,有未保存的更改。要导入另一个演出并将其设为当前演出吗？,有未儲存的變更。要匯入另一個演出並將其設為目前演出嗎？,
Progetti,projects.dialog.import.confirm,Importa,Import,导入,匯入,
Progetti,projects.dialog.importFailed.title,Importazione non riuscita,Import failed,导入失败,匯入失敗,
Progetti,projects.dialog.importFailed.word,Non sono riuscito a leggere il copione Word. Verifica che sia un file .docx e riprova.,The Word script could not be read. Check that it is a .docx file and try again.,无法读取 Word 剧本。请确认它是 .docx 文件后重试。,無法讀取 Word 劇本。請確認它是 .docx 檔案後再試一次。,
Progetti,projects.dialog.importFailed.project,Il file selezionato non sembra essere uno spettacolo Sténtor valido.,The selected file does not look like a valid Sténtor show.,所选文件似乎不是有效的 Sténtor 演出。,所選檔案似乎不是有效的 Sténtor 演出。,
Progetti,projects.dialog.importFailed.generic,Controlla il file e riprova.,Check the file and try again.,请检查文件后重试。,請檢查檔案後再試一次。,
Progetti,projects.dialog.save.title,Salva progetto,Save project,保存项目,儲存專案,
Progetti,projects.dialog.saveAs.title,Salva con nome,Save as,另存为,另存新檔,
Progetti,projects.dialog.save.message,Scegli il nome del file progetto da scaricare.,Choose the name of the project file to download.,选择要下载的项目文件名称。,選擇要下載的專案檔案名稱。,
Progetti,projects.dialog.save.label,Nome file,File name,文件名,檔案名稱,
Progetti,projects.dialog.saveFailed.title,Salvataggio non riuscito,Save failed,保存失败,儲存失敗,
Progetti,projects.dialog.saveFailed.message,Non sono riuscito a salvare il progetto. Puoi provare con “Salva con nome”.,The project could not be saved. You can try “Save as”.,无法保存项目。可以尝试“另存为”。,無法儲存專案。可以試試「另存新檔」。,
Progetti,projects.dialog.recovery.title,Versione non trovata,Version not found,未找到版本,找不到版本,
Progetti,projects.dialog.recovery.message,La versione automatica selezionata non è più disponibile.,The selected automatic version is no longer available.,所选的自动保存版本已不可用。,所選的自動儲存版本已無法使用。,
Progetti,projects.newShow,Nuovo spettacolo,New show,新演出,新演出,
Progetti,dialog.language.code,Codice lingua,Language code,语言代码,語言代碼,
Progetti,dialog.language.name,Nome lingua,Language name,语言名称,語言名稱,
Progetti,dialog.language.copy,Copia nella nuova lingua il testo già presente nella lingua attiva,Copy the text of the active language into the new language,将当前语言的文本复制到新语言,將目前語言的文字複製到新語言,
Progetti,app.about.message,"Sténtor Desktop {version}
Sopratitoli per spettacolo dal vivo.","Sténtor Desktop {version}
Surtitles for live performance.","Sténtor Desktop {version}
现场演出字幕。","Sténtor Desktop {version}
現場演出字幕。",
Progetti,app.shortcuts.title,Scorciatoie da tastiera,Keyboard shortcuts,键盘快捷键,鍵盤快速鍵,
Progetti,app.shortcuts.message,"Le scorciatoie si vedono e si cambiano nella card “Scorciatoie”, a destra nella pagina Sopratitoli.","You can see and change the shortcuts in the “Shortcuts” card, on the right of the Surtitles page.",可在“字幕”页面右侧的“快捷键”卡片中查看和更改快捷键。,可在「字幕」頁面右側的「快速鍵」卡片中查看和更改快速鍵。,
Schermi,screens.aria,Schermi Sténtor Lite,Sténtor Lite screens,Sténtor Lite 屏幕,Sténtor Lite 螢幕,
Schermi,screens.toolbar.aria,Controlli Schermi,Screen controls,屏幕控制,螢幕控制,
Schermi,screens.eyebrow,Schermi,Screens,屏幕,螢幕,
Schermi,screens.add,+ Aggiungi schermo,+ Add screen,+ 添加屏幕,+ 新增螢幕,
Schermi,screens.open,Apri schermo,Open screen,打开屏幕,開啟螢幕,
Schermi,screens.fullscreen,Schermo intero,Fullscreen,全屏,全螢幕,
Schermi,screens.blackout,Buio,Blackout,黑场,暗場,
Schermi,screens.showText,Mostra testo,Show text,显示文字,顯示文字,
Schermi,screens.list.aria,Schermi configurati,Configured screens,已配置的屏幕,已設定的螢幕,
Schermi,screens.preview,Anteprima,Preview,预览,預覽,
Schermi,screens.inspector.aria,Impostazioni schermo,Screen settings,屏幕设置,螢幕設定,
Schermi,screens.inspector.title,Impostazioni,Settings,设置,設定,
Schermi,screens.section.screen,Schermo,Screen,屏幕,螢幕,
Schermi,screens.field.name,Nome,Name,名称,名稱,
Schermi,screens.field.language,Lingua,Language,语言,語言,
Schermi,screens.field.followActive,Segue lingua attiva,Follows the active language,跟随当前语言,跟隨目前語言,
Schermi,screens.field.format,Formato,Format,比例,比例,
Schermi,screens.section.look,Aspetto,Appearance,外观,外觀,
Schermi,screens.field.font,Carattere,Font,字体,字型,
Schermi,screens.field.size,Dimensione,Size,大小,大小,
Schermi,screens.field.width,Larghezza,Width,宽度,寬度,
Schermi,screens.field.position,Posizione,Position,位置,位置,
Schermi,screens.position.top,Alto,Top,顶部,頂部,
Schermi,screens.position.center,Centro,Centre,居中,置中,
Schermi,screens.position.bottom,Basso,Bottom,底部,底部,
Schermi,screens.field.text,Testo,Text,文字,文字,
Schermi,screens.field.background,Sfondo,Background,背景,背景,
Schermi,screens.resetStyle,Ripristina stile,Reset style,恢复样式,回復樣式,
Schermi,screens.delete,Elimina schermo,Delete screen,删除屏幕,刪除螢幕,
Schermi,screens.status.blackout,Buio,Blackout,黑场,暗場,
Schermi,screens.status.live,Live,Live,直播,直播,
Schermi,screens.status.standby,Standby,Standby,待机,待命,
Schermi,screens.status.active,Attivo,Active,活动,使用中,
Schermi,screens.aspect.16:9,16:9 panoramico,16:9 widescreen,16:9 宽屏,16:9 寬螢幕,
Schermi,screens.aspect.4:3,4:3 classico,4:3 classic,4:3 标准,4:3 標準,
Schermi,screens.aspect.free,Libero,Free,自由,自由,
Schermi,screens.font.system,Sistema sans,System sans,系统无衬线,系統無襯線,
Schermi,screens.previewText.foyer,"Inquadra il QR code per seguire sopratitoli, traduzioni e audiodescrizione.","Scan the QR code to follow surtitles, translations and audio description.",扫描二维码，查看字幕、翻译和口述影像。,掃描 QR 碼，查看字幕、翻譯和口述影像。,
Schermi,screens.previewText.audioInfo,Audiodescrizione disponibile sul tuo smartphone.,Audio description available on your smartphone.,可在你的手机上收听口述影像。,可在你的手機上收聽口述影像。,
Schermi,screens.previewText.empty,Schermo pulito,Empty screen,空白屏幕,空白螢幕,
Schermi,screens.dialog.new.title,Nuovo schermo,New screen,新屏幕,新螢幕,
Schermi,screens.dialog.new.message,Dai un nome al nuovo schermo.,Give the new screen a name.,为新屏幕命名。,為新螢幕命名。,
Schermi,screens.dialog.new.label,Nome schermo,Screen name,屏幕名称,螢幕名稱,
Schermi,screens.dialog.new.default,Nuovo schermo,New screen,新屏幕,新螢幕,
Schermi,screens.dialog.new.confirm,Crea,Create,创建,建立,
Schermi,screens.dialog.delete.title,Elimina schermo,Delete screen,删除屏幕,刪除螢幕,
Schermi,screens.dialog.delete.message,Eliminare lo schermo “{name}”?,Delete the screen “{name}”?,要删除屏幕“{name}”吗？,要刪除螢幕「{name}」嗎？,
Schermi,screens.dialog.blocked.title,Schermo di proiezione non aperto,Projection screen not opened,投影屏幕未打开,投影螢幕未開啟,
Schermi,screens.dialog.blocked.message,Il programma non è riuscito ad aprire lo schermo di proiezione. Consenti le finestre a comparsa per Sténtor e riprova.,The projection screen could not be opened. Allow pop-up windows for Sténtor and try again.,无法打开投影屏幕。请允许 Sténtor 使用弹出窗口后重试。,無法開啟投影螢幕。請允許 Sténtor 使用彈出式視窗後再試一次。,
Impostazioni,settings.title,Impostazioni,Settings,设置,設定,
Impostazioni,settings.subtitle,Lingua dell’interfaccia e informazioni sull’applicazione.,Interface language and app information.,界面语言和应用信息。,介面語言和 App 資訊。,
Impostazioni,settings.interface,Interfaccia,Interface,界面,介面,
Impostazioni,settings.appLanguage,Lingua interfaccia,Interface language,界面语言,介面語言,
Impostazioni,settings.appLanguageHelp,Cambia la lingua dei comandi e dell’interfaccia dell’applicazione. Le lingue del copione e degli schermi restano separate.,Changes the language of the app’s commands and interface. Script and screen languages stay separate.,更改应用命令和界面的语言。剧本和屏幕的语言保持独立。,更改 App 指令和介面的語言。劇本和螢幕的語言維持獨立。,
Impostazioni,settings.about,Informazioni,About,关于,關於,
Impostazioni,settings.version,Versione,Version,版本,版本,
Impostazioni,settings.language.close,Chiudi,Close,关闭,關閉,
Impostazioni,settings.language.eyebrow,Lingua interfaccia,Interface language,界面语言,介面語言,
Impostazioni,settings.language.title,Scegli la lingua di Sténtor,Choose Sténtor’s language,选择 Sténtor 的语言,選擇 Sténtor 的語言,
Impostazioni,settings.language.help,"Modifica comandi, menu e impostazioni. Le lingue del copione restano separate.","Changes commands, menus and settings. Script languages stay separate.",更改命令、菜单和设置。剧本的语言保持独立。,更改指令、選單和設定。劇本的語言維持獨立。,
Impostazioni,settings.language.current,Attuale: {name},Current: {name},当前：{name},目前：{name},
Impostazioni,settings.language.chosen,Scelta: {name},Selected: {name},已选：{name},已選：{name},
Impostazioni,settings.language.cancel,Annulla,Cancel,取消,取消,
Impostazioni,settings.language.confirm,Scegli lingua,Choose language,选择语言,選擇語言,
