area,chiave,italiano,inglese,hindi,correzione,note
Comuni,card.expand,Espandi {name},Expand {name},{name} फैलाएँ,,
Comuni,card.collapse,Riduci {name},Collapse {name},{name} समेटें,,
Comuni,card.expandShort,Espandi,Expand,फैलाएँ,,
Comuni,card.collapseShort,Riduci,Collapse,समेटें,,
Comuni,common.cancel,Annulla,Cancel,रद्द करें,,
Comuni,common.save,Salva,Save,सहेजें,,
Comuni,common.delete,Elimina,Delete,हटाएँ,,
Comuni,common.insert,Inserisci,Insert,जोड़ें,,
Comuni,common.edit,Modifica,Edit,संपादित करें,,
Comuni,common.other,Altro,Other,अन्य,,
Comuni,common.notPossible,Operazione non possibile,Not possible,यह संभव नहीं है,,
Comuni,common.undoHint,Puoi annullare con Command/Ctrl+Z.,You can undo with Command/Ctrl+Z.,Command/Ctrl+Z से पूर्ववत कर सकते हैं।,,
Comuni,count.cues.one,{count} battuta,{count} cue,{count} क्यू,,
Comuni,count.cues.other,{count} battute,{count} cues,{count} क्यू,,
Comuni,count.lines.one,{count} riga,{count} line,{count} पंक्ति,,
Comuni,count.lines.other,{count} righe,{count} lines,{count} पंक्तियाँ,,
Comuni,marker.type.act,Atto,Act,अंक,,
Comuni,marker.type.scene,Scena,Scene,दृश्य,,
Comuni,marker.type.picture,Quadro,Tableau,झाँकी,,
Comuni,marker.type.interval,Intervallo,Interval,मध्यांतर,,
Comuni,marker.type.other,Altro,Other,अन्य,,
Comuni,marker.default,Marcatore,Marker,मार्कर,,
Mappa,map.title,Mappa,Map,मानचित्र,,
Mappa,map.aria,Mappa dello spettacolo,Show map,शो का मानचित्र,,
Mappa,map.hint,Clic: vai all’inizio della sezione,Click: go to the start of the section,क्लिक: इस भाग की शुरुआत पर जाएँ,,
Mappa,map.subtitle,Indice dello spettacolo,Show outline,शो की रूपरेखा,,
Mappa,map.add.title,Inserisci un marcatore prima della battuta selezionata,Insert a marker before the selected cue,चुने गए क्यू से पहले एक मार्कर जोड़ें,,
Mappa,map.add.aria,Inserisci marcatore,Insert marker,मार्कर जोड़ें,,
Mappa,map.start,Inizio,Start,शुरुआत,,
Mappa,map.range.none,nessuna battuta,no cues,कोई क्यू नहीं,,
Mappa,map.range.single,battuta {number},cue {number},क्यू {number},,
Mappa,map.goTo,Vai a {title},Go to {title},{title} पर जाएँ,,
Mappa,map.emptySection,{title}: nessuna battuta in questa sezione,{title}: no cues in this section,{title}: इस भाग में कोई क्यू नहीं,,
Mappa,map.empty,Seleziona la battuta dove inizia un atto o una scena e premi <icon/> per inserire un marcatore.,Select the cue where an act or scene begins and press <icon/> to insert a marker.,जिस क्यू से कोई अंक या दृश्य शुरू होता है उसे चुनें और मार्कर जोड़ने के लिए <icon/> दबाएँ।,,
Tempi,time.title,Tempi,Timing,समय,,
Tempi,time.dialog.clear.title,Azzera i tempi delle battute,Clear cue timings,क्यू का समय मिटाएँ,,
Tempi,time.dialog.clear.message,Vuoi cancellare i tempi registrati di tutte le battute? Le durate delle recite restano.,Delete the recorded timings of all cues? Performance durations are kept.,क्या सभी क्यू का रिकॉर्ड किया गया समय मिटाना है? प्रस्तुतियों की अवधि बनी रहेगी।,,
Tempi,time.dialog.clear.confirm,Azzera tempi,Clear timings,समय मिटाएँ,,
Tempi,time.dialog.reset.title,Azzera il cronometro,Reset the stopwatch,स्टॉपवॉच रीसेट करें,,
Tempi,time.dialog.reset.message,Il tempo di questa recita verrà azzerato senza essere salvato.,The time of this performance will be reset without being saved.,इस प्रस्तुति का समय बिना सहेजे शून्य कर दिया जाएगा।,,
Tempi,time.dialog.reset.confirm,Azzera,Reset,रीसेट करें,,
Tempi,time.status.running,in corso,running,चल रहा है,,
Tempi,time.status.paused,in pausa,paused,रुका हुआ,,
Tempi,time.status.idle,fermo,stopped,बंद,,
Tempi,time.pause,Pausa,Pause,रोकें,,
Tempi,time.resume,Riprendi,Resume,फिर शुरू करें,,
Tempi,time.start,Avvia,Start,शुरू करें,,
Tempi,time.finish,Termina,Finish,समाप्त करें,,
Tempi,time.finish.title,Ferma e salva le durate di questa recita,Stop and save the durations of this performance,रोकें और इस प्रस्तुति की अवधि सहेजें,,
Tempi,time.reset,Azzera senza salvare,Reset without saving,बिना सहेजे रीसेट करें,,
Tempi,time.cues.title,Tempi delle battute,Cue timings,क्यू का समय,,
Tempi,time.cues.count,{timed} di {total},{timed} of {total},{total} में से {timed},,
Tempi,time.mode.manual,Manuale,Manual,हाथ से,,
Tempi,time.mode.record,Registra,Record,रिकॉर्ड,,
Tempi,time.mode.play,Riproduci,Play,चलाएँ,,
Tempi,time.manual.text,Conduci tu con Avanti. I tempi registrati non vengono usati.,You run the show with Next. Recorded timings are not used.,आप “अगला” से स्वयं शो चलाते हैं। रिकॉर्ड किया गया समय उपयोग नहीं होता।,,
Tempi,time.record.step1,Porta in proiezione la prima battuta.,Project the first cue.,पहला क्यू प्रोजेक्शन पर दिखाएँ।,,
Tempi,time.record.step2,Premi <b>Avvia</b> quando entra in scena.,Press <b>Start</b> when it comes on stage.,जब वह मंच पर आए तो <b>शुरू करें</b> दबाएँ।,,
Tempi,time.record.step3,Conduci con <b>Avanti</b>: ogni cambio viene registrato.,Run the show with <b>Next</b>: every change is recorded.,<b>अगला</b> से शो चलाएँ: हर बदलाव रिकॉर्ड होता है।,,
Tempi,time.record.step4,Alla fine premi <b>Termina</b>.,At the end press <b>Finish</b>.,अंत में <b>समाप्त करें</b> दबाएँ।,,
Tempi,time.record.running,● Registrazione in corso: ogni Avanti salva il tempo della battuta che entra.,● Recording: every Next saves the time of the incoming cue.,● रिकॉर्डिंग: हर “अगला” आने वाले क्यू का समय सहेजता है।,,
Tempi,time.record.paused,In pausa: i cambi di battuta non vengono registrati.,Paused: cue changes are not recorded.,रुका हुआ: क्यू के बदलाव रिकॉर्ड नहीं हो रहे।,,
Tempi,time.play.stop,Ferma,Stop,रोकें,,
Tempi,time.play.from,Riproduci da {number},Play from {number},{number} से चलाएँ,,
Tempi,time.play.playing,Le battute avanzano da sole. Avanti e Indietro restano attivi: la riproduzione riparte dalla battuta scelta.,Cues advance on their own. Next and Back still work: playback restarts from the chosen cue.,क्यू अपने आप आगे बढ़ते हैं। “अगला” और “पीछे” काम करते रहते हैं: चलाना चुने गए क्यू से फिर शुरू होता है।,,
Tempi,time.play.ready,Le battute avanzeranno da sole seguendo i tempi registrati.,Cues will advance on their own following the recorded timings.,क्यू रिकॉर्ड किए गए समय के अनुसार अपने आप आगे बढ़ेंगे।,,
Tempi,time.play.noTime,Questa battuta non ha un tempo registrato: scegline una con il tempo per partire.,This cue has no recorded time: pick one with a time to start.,इस क्यू का कोई रिकॉर्ड किया गया समय नहीं है: शुरू करने के लिए समय वाला क्यू चुनें।,,
Tempi,time.play.none,Nessun tempo registrato: usa prima <b>Registra</b> durante una prova.,No timings recorded yet: first use <b>Record</b> during a rehearsal.,अभी तक कोई समय रिकॉर्ड नहीं हुआ: पहले किसी रिहर्सल में <b>रिकॉर्ड</b> का उपयोग करें।,,
Tempi,time.clear,Azzera tempi delle battute,Clear cue timings,क्यू का समय मिटाएँ,,
Tempi,time.last,Ultima recita · {date},Last performance · {date},पिछली प्रस्तुति · {date},,
Tempi,time.previous,Recite precedenti ({count}),Previous performances ({count}),पिछली प्रस्तुतियाँ ({count}),,
Tempi,time.hint,Avvia all’inizio della recita. Con i marcatori della Mappa misura anche ogni atto; “Termina” salva le durate nel progetto.,Start at the beginning of the performance. With Map markers it also times each act; “Finish” saves the durations in the project.,प्रस्तुति शुरू होते ही शुरू करें। मानचित्र के मार्करों से हर अंक का समय भी मापा जाता है; “समाप्त करें” अवधि को प्रोजेक्ट में सहेजता है।,,
Strumenti,tools.title,Strumenti,Tools,टूल्स,,
Strumenti,tools.tab.check,Verifica,Check,जाँच,,
Strumenti,tools.tab.clean,Pulizia,Clean up,सफ़ाई,,
Strumenti,tools.cue,Battuta {number},Cue {number},क्यू {number},,
Strumenti,tools.cue.info,{lines} · {chars} caratteri,{lines} · {chars} characters,{lines} · {chars} अक्षर,,
Strumenti,tools.cue.empty,vuota in {language},empty in {language},{language} में खाली,,
Strumenti,tools.noIssues,Nessun problema nel copione in {language}.,No issues in the {language} script.,{language} स्क्रिप्ट में कोई समस्या नहीं।,,
Strumenti,tools.issue.hint,{detail} {cues}: clic per andare alla prossima.,{detail} {cues}: click to go to the next one.,{detail} {cues}: अगले पर जाने के लिए क्लिक करें।,,
Strumenti,tools.contrast.error,Colori dello schermo poco leggibili,Screen colours hard to read,स्क्रीन के रंग पढ़ने में कठिन,,
Strumenti,tools.contrast.warning,Colori dello schermo appena sufficienti,Screen colours barely readable,स्क्रीन के रंग मुश्किल से पढ़ने योग्य,,
Strumenti,tools.contrast.detail,testo e sfondo troppo simili · cambia i colori in Schermi,text and background too similar · change the colours in Screens,अक्षर और पृष्ठभूमि बहुत मिलते-जुलते हैं · स्क्रीन पेज पर रंग बदलें,,
Strumenti,tools.limit.title,Caratteri per riga,Characters per line,प्रति पंक्ति अक्षर,,
Strumenti,tools.limit.custom,Numero di caratteri per riga,Number of characters per line,प्रति पंक्ति अक्षरों की संख्या,,
Strumenti,check.missing.title,Controllo testi mancanti,Missing text check,अनुपस्थित पाठ की जाँच,,
Strumenti,check.missing.single,senza testo in questa lingua,no text in this language,इस भाषा में पाठ नहीं,,
Strumenti,check.missing.detail,Battute senza testo nella lingua di lavoro.,Cues with no text in the working language.,कार्य भाषा में बिना पाठ वाले क्यू।,,
Strumenti,check.lines.title,Controllo righe,Line count check,पंक्तियों की जाँच,,
Strumenti,check.lines.single,con più di due righe,more than two lines,दो से अधिक पंक्तियाँ,,
Strumenti,check.lines.detail,Battute con più di due righe.,Cues with more than two lines.,दो से अधिक पंक्तियों वाले क्यू।,,
Strumenti,check.long.title,Controllo lunghezza,Length check,लंबाई की जाँच,,
Strumenti,check.long.single,troppo lunga,too long,बहुत लंबा,,
Strumenti,check.long.detail,Più di {limit} caratteri in una riga o {total} in tutto.,More than {limit} characters in a line or {total} in total.,एक पंक्ति में {limit} से अधिक अक्षर या कुल {total} से अधिक।,,
Strumenti,check.spacing.title,Controllo spazi,Spacing check,रिक्त स्थान की जाँच,,
Strumenti,check.spacing.single,con spazi da sistemare,spacing to fix,रिक्त स्थान ठीक करने हैं,,
Strumenti,check.spacing.detail,Spazi doppi o fuori posto: la scheda Pulizia li corregge.,Double or misplaced spaces: the Clean up tab fixes them.,दोहरे या गलत जगह पर रिक्त स्थान: सफ़ाई टैब उन्हें ठीक करता है।,,
Strumenti,clean.scope,Cosa correggere,What to fix,क्या ठीक करना है,,
Strumenti,clean.scope.cue,Battuta {number},Cue {number},क्यू {number},,
Strumenti,clean.scope.all,Tutto il copione,Whole script,पूरी स्क्रिप्ट,,
Strumenti,clean.spaces.label,Spazi,Spaces,रिक्त स्थान,,
Strumenti,clean.spaces.help,"Toglie spazi doppi, spazi prima della punteggiatura e spazi a inizio o fine riga.","Removes double spaces, spaces before punctuation and spaces at the start or end of a line.","दोहरे रिक्त स्थान, विराम चिह्नों से पहले के रिक्त स्थान और पंक्ति के आरंभ या अंत के रिक्त स्थान हटाता है।",,
Strumenti,clean.emptyLines.label,Righe vuote,Empty lines,खाली पंक्तियाँ,,
Strumenti,clean.emptyLines.help,Eliminare eventuali righe presenti vuote dentro le battute,Remove any empty lines inside cues,क्यू के अंदर की खाली पंक्तियाँ हटाएँ,,
Strumenti,clean.typography.label,Tipografia,Typography,टाइपोग्राफ़ी,,
Strumenti,clean.typography.help,Apostrofo tipografico (’) e tre puntini in un solo carattere (…).,Typographic apostrophe (’) and three dots as a single character (…).,टाइपोग्राफ़िक अपॉस्ट्रॉफ़ी (’) और तीन बिंदु एक ही अक्षर के रूप में (…)।,,
Strumenti,clean.footnote,Vale per tutte le lingue. In francese lo spazio davanti a ; : ! ? viene mantenuto (come spazio unificatore).,Applies to all languages. In French the space before ; : ! ? is kept (as a non-breaking space).,सभी भाषाओं पर लागू। फ़्रेंच में ; : ! ? से पहले का रिक्त स्थान रखा जाता है (नॉन-ब्रेकिंग स्पेस के रूप में)।,,
Strumenti,clean.apply.cue,Correggi la battuta {number},Fix cue {number},क्यू {number} ठीक करें,,
Strumenti,clean.apply.all,Correggi tutto il copione,Fix the whole script,पूरी स्क्रिप्ट ठीक करें,,
Strumenti,clean.none,Attiva almeno una correzione.,Turn on at least one fix.,कम से कम एक सुधार चालू करें।,,
Strumenti,clean.done.one,{count} battuta corretta. Puoi annullare con Command/Ctrl+Z.,{count} cue fixed. You can undo with Command/Ctrl+Z.,{count} क्यू ठीक किया गया। Command/Ctrl+Z से पूर्ववत कर सकते हैं।,,
Strumenti,clean.done.other,{count} battute corrette. Puoi annullare con Command/Ctrl+Z.,{count} cues fixed. You can undo with Command/Ctrl+Z.,{count} क्यू ठीक किए गए। Command/Ctrl+Z से पूर्ववत कर सकते हैं।,,
Strumenti,clean.nothing,Niente da correggere.,Nothing to fix.,ठीक करने को कुछ नहीं।,,
Scorciatoie,shortcuts.title,Scorciatoie,Shortcuts,शॉर्टकट,,
Scorciatoie,shortcuts.aria,Scorciatoie da tastiera,Keyboard shortcuts,कीबोर्ड शॉर्टकट,,
Scorciatoie,shortcuts.action.next,Avanti,Next,अगला,,
Scorciatoie,shortcuts.action.next.detail,Proietta la battuta successiva,Projects the next cue,अगला क्यू प्रोजेक्ट करता है,,
Scorciatoie,shortcuts.action.previous,Indietro,Back,पीछे,,
Scorciatoie,shortcuts.action.previous.detail,Torna alla battuta precedente,Goes back to the previous cue,पिछले क्यू पर लौटता है,,
Scorciatoie,shortcuts.action.blackout,Schermo vuoto,Blackout,ब्लैकआउट,,
Scorciatoie,shortcuts.action.blackout.detail,Oscura o riaccende lo schermo,Blanks or restores the screen,स्क्रीन को अंधेरा करता है या फिर से दिखाता है,,
Scorciatoie,shortcuts.action.fullscreen,Schermo intero,Fullscreen,पूर्ण स्क्रीन,,
Scorciatoie,shortcuts.action.fullscreen.detail,Apre l’anteprima a tutto schermo,Opens the preview in fullscreen,प्रीव्यू को पूर्ण स्क्रीन में खोलता है,,
Scorciatoie,shortcuts.action.browseNext,Seleziona successiva,Select next,अगला चुनें,,
Scorciatoie,shortcuts.action.browseNext.detail,Scorre l’elenco senza proiettare,Moves through the list without projecting,बिना प्रोजेक्ट किए सूची में आगे बढ़ता है,,
Scorciatoie,shortcuts.action.browsePrevious,Seleziona precedente,Select previous,पिछला चुनें,,
Scorciatoie,shortcuts.action.browsePrevious.detail,Scorre l’elenco senza proiettare,Moves through the list without projecting,बिना प्रोजेक्ट किए सूची में आगे बढ़ता है,,
Scorciatoie,shortcuts.fixed.aria,Scorciatoie fisse,Fixed shortcuts,स्थायी शॉर्टकट,,
Scorciatoie,shortcuts.fixed.undo,Annulla,Undo,पूर्ववत करें,,
Scorciatoie,shortcuts.fixed.redo,Ripeti,Redo,फिर से करें,,
Scorciatoie,shortcuts.fixed.exitField,Esci dal campo di testo,Leave the text field,टेक्स्ट फ़ील्ड से बाहर निकलें,,
Scorciatoie,shortcuts.key.Space,Spazio,Space,स्पेस,,
Scorciatoie,shortcuts.key.Enter,Invio,Return,रिटर्न,,
Scorciatoie,shortcuts.key.Delete,Canc,Del,डिलीट,,
Scorciatoie,shortcuts.key.PageUp,Pag ↑,Page ↑,पेज ↑,,
Scorciatoie,shortcuts.key.PageDown,Pag ↓,Page ↓,पेज ↓,,
Scorciatoie,shortcuts.key.Home,Inizio,Home,होम,,
Scorciatoie,shortcuts.key.End,Fine,End,एंड,,
Scorciatoie,shortcuts.key.numpad,{key} (tast. num.),{key} (keypad),{key} (कीपैड),,
Scorciatoie,shortcuts.press,Premi…,Press…,दबाएँ…,,
Scorciatoie,shortcuts.recording.title,Premi il nuovo tasto (Esc annulla),Press the new key (Esc cancels),नई कुंजी दबाएँ (Esc रद्द करता है),,
Scorciatoie,shortcuts.change.title,Clic per cambiare tasto,Click to change the key,कुंजी बदलने के लिए क्लिक करें,,
Scorciatoie,shortcuts.change.aria,{action}: {key}. Cambia tasto,{action}: {key}. Change key,{action}: {key}. कुंजी बदलें,,
Scorciatoie,shortcuts.remove.aria,Togli {key} da {action},Remove {key} from {action},{action} से {key} हटाएँ,,
Scorciatoie,shortcuts.remove.title,Togli questo tasto,Remove this key,यह कुंजी हटाएँ,,
Scorciatoie,shortcuts.add.aria,Aggiungi un tasto per {action},Add a key for {action},{action} के लिए कुंजी जोड़ें,,
Scorciatoie,shortcuts.add.title,Aggiungi un tasto,Add a key,कुंजी जोड़ें,,
Scorciatoie,shortcuts.hint.recording,Premi il tasto da usare. Esc annulla.,Press the key to use. Esc cancels.,उपयोग की जाने वाली कुंजी दबाएँ। Esc रद्द करता है।,,
Scorciatoie,shortcuts.hint.modifiers,"Cmd, Ctrl e Alt restano al sistema: scegli un tasto senza questi.","Cmd, Ctrl and Alt are kept for the system: choose a key without them.","Cmd, Ctrl और Alt सिस्टम के लिए आरक्षित हैं: इनके बिना कोई कुंजी चुनें।",,
Scorciatoie,shortcuts.hint.invalid,Questo tasto non si può assegnare.,This key cannot be assigned.,यह कुंजी निर्धारित नहीं की जा सकती।,,
Scorciatoie,shortcuts.hint.moved,{key} tolto da “{action}”.,{key} removed from “{action}”.,{key} को “{action}” से हटाया गया।,,
Scorciatoie,shortcuts.reset,Ripristina tasti predefiniti,Restore default keys,डिफ़ॉल्ट कुंजियाँ पुनर्स्थापित करें,,
Sopratitoli,cues.current,Attuale,Live,लाइव,,
Sopratitoli,cues.blackout,Schermo vuoto,Blackout,ब्लैकआउट,,
Sopratitoli,cues.list.title,Battute,Cues,क्यू,,
Sopratitoli,cues.list.aria,Sopratitoli in sequenza,Surtitles in sequence,क्रम में सरटाइटल,,
Sopratitoli,cues.empty,Sopratitolo vuoto,Empty surtitle,खाली सरटाइटल,,
Sopratitoli,cues.next,Prossima,Next,अगला,,
Sopratitoli,cues.recordedTime,Tempo registrato: quando entra la battuta,Recorded time: when the cue comes in,रिकॉर्ड किया गया समय: जब क्यू आता है,,
Sopratitoli,cues.expand,Espandi modifica sopratitolo {number},Expand editor for surtitle {number},सरटाइटल {number} का संपादक खोलें,,
Sopratitoli,cues.collapse,Chiudi modifica sopratitolo {number},Close editor for surtitle {number},सरटाइटल {number} का संपादक बंद करें,,
Sopratitoli,cues.inlineText,Testo sopratitolo {number},Text of surtitle {number},सरटाइटल {number} का पाठ,,
Sopratitoli,cues.note.edit,Clic per modificare la nota,Click to edit the note,नोट संपादित करने के लिए क्लिक करें,,
Sopratitoli,cues.note.label,Nota operatore,Operator note,ऑपरेटर नोट,,
Sopratitoli,marker.row.title,Doppio clic: modifica marcatore,Double-click: edit marker,डबल-क्लिक: मार्कर संपादित करें,,
Sopratitoli,marker.edit,Modifica marcatore,Edit marker,मार्कर संपादित करें,,
Sopratitoli,marker.edit.aria,Modifica marcatore {title},Edit marker {title},मार्कर {title} संपादित करें,,
Sopratitoli,marker.delete,Elimina marcatore,Delete marker,मार्कर हटाएँ,,
Sopratitoli,marker.delete.aria,Elimina marcatore {title},Delete marker {title},मार्कर {title} हटाएँ,,
Sopratitoli,conductor.aria,Comandi di conduzione,Show controls,शो नियंत्रण,,
Sopratitoli,conductor.back,Indietro,Back,पीछे,,
Sopratitoli,conductor.next,Avanti,Next,अगला,,
Sopratitoli,conductor.goTo.label,Vai a battuta,Go to cue,क्यू पर जाएँ,,
Sopratitoli,conductor.goTo.title,"Numero di battuta, parola del testo o titolo di un marcatore (es. atto 2)","Cue number, a word from the text or a marker title (e.g. act 2)","क्यू संख्या, पाठ का कोई शब्द या मार्कर का शीर्षक (जैसे अंक 2)",,
Sopratitoli,conductor.goTo.placeholder,Vai a: n° o parola,Go to: no. or word,जाएँ: संख्या / शब्द,,
Sopratitoli,conductor.goTo.missed,Nessuna battuta trovata,No cue found,कोई क्यू नहीं मिला,,
Sopratitoli,conductor.showText,Mostra testo,Show text,पाठ दिखाएँ,,
Sopratitoli,conductor.blackout,Schermo vuoto,Blackout,ब्लैकआउट,,
Sopratitoli,conductor.projection,Proiezione,Projection,प्रोजेक्शन,,
Sopratitoli,conductor.projection.title,Apri o mostra la finestra di proiezione,Open or show the projection window,प्रोजेक्शन विंडो खोलें या दिखाएँ,,
Sopratitoli,conductor.projection.aria,Apri proiezione,Open projection,प्रोजेक्शन खोलें,,
Sopratitoli,rightColumn.aria,Proprietà,Properties,गुण,,
Sopratitoli,toolbar.aria,Modifica struttura sopratitoli,Edit surtitle structure,सरटाइटल की संरचना संपादित करें,,
Sopratitoli,toolbar.addAfter,Aggiungi dopo,Add after,बाद में जोड़ें,,
Sopratitoli,toolbar.addAfter.aria,Aggiungi sopratitolo dopo,Add surtitle after,बाद में एक सरटाइटल जोड़ें,,
Sopratitoli,toolbar.split,Dividi,Split,विभाजित करें,,
Sopratitoli,toolbar.split.aria,Dividi sopratitolo,Split surtitle,सरटाइटल विभाजित करें,,
Sopratitoli,toolbar.merge,Unisci con successiva,Merge with next,अगले से मिलाएँ,,
Sopratitoli,toolbar.merge.aria,Unisci con il sopratitolo successivo,Merge with the next surtitle,अगले सरटाइटल से मिलाएँ,,
Sopratitoli,toolbar.marker,"Inserisci marcatore (atto, scena…) prima della battuta","Insert marker (act, scene…) before the cue","क्यू से पहले मार्कर (अंक, दृश्य…) जोड़ें",,
Sopratitoli,toolbar.marker.aria,Inserisci marcatore prima della battuta selezionata,Insert marker before the selected cue,चुने गए क्यू से पहले मार्कर जोड़ें,,
Sopratitoli,toolbar.delete,Elimina,Delete,हटाएँ,,
Sopratitoli,toolbar.delete.aria,Elimina sopratitolo,Delete surtitle,सरटाइटल हटाएँ,,
Sopratitoli,languages.aria,Lingua delle battute,Cue language,क्यू की भाषा,,
Sopratitoli,languages.progress,{language} · {filled}/{total} battute,{language} · {filled}/{total} cues,{language} · {filled}/{total} क्यू,,
Sopratitoli,languages.manage.title,"Lingue del progetto: aggiungi, rinomina, elimina","Project languages: add, rename, delete","प्रोजेक्ट की भाषाएँ: जोड़ें, नाम बदलें, हटाएँ",,
Sopratitoli,languages.manage.aria,Gestisci le lingue del progetto,Manage project languages,प्रोजेक्ट की भाषाएँ प्रबंधित करें,,
Sopratitoli,editor.aria,Modifica sopratitolo {number},Edit surtitle {number},सरटाइटल {number} संपादित करें,,
Sopratitoli,editor.text.aria,Testo {language} sopratitolo {number},{language} text of surtitle {number},सरटाइटल {number} का {language} पाठ,,
Sopratitoli,editor.style.aria,Controlli di stile,Style controls,शैली नियंत्रण,,
Sopratitoli,editor.bold,Grassetto,Bold,बोल्ड,,
Sopratitoli,editor.italic,Corsivo,Italic,इटैलिक,,
Sopratitoli,editor.underline,Sottolineato,Underline,रेखांकित,,
Sopratitoli,editor.color,Colore testo,Text colour,अक्षर का रंग,,
Sopratitoli,editor.smaller,Riduci dimensione testo,Decrease text size,अक्षर का आकार घटाएँ,,
Sopratitoli,editor.larger,Aumenta dimensione testo,Increase text size,अक्षर का आकार बढ़ाएँ,,
Sopratitoli,editor.scaleValue,Dimensione testo {value}%,Text size {value}%,अक्षर का आकार {value}%,,
Sopratitoli,editor.clear,Rimuovi formattazione,Clear formatting,फ़ॉर्मेटिंग हटाएँ,,
Sopratitoli,editor.notes,Note operatore,Operator notes,ऑपरेटर नोट्स,,
Sopratitoli,editor.notes.aria,Note operatore sopratitolo {number},Operator notes for surtitle {number},सरटाइटल {number} के लिए ऑपरेटर नोट्स,,
Sopratitoli,editor.notes.placeholder,Indicazioni per la regia...,Notes for the operator...,ऑपरेटर के लिए नोट्स...,,
Sopratitoli,editor.chars.single,{count} caratteri (massimo {limit} per riga),{count} characters (maximum {limit} per line),{count} अक्षर (प्रति पंक्ति अधिकतम {limit}),,
Sopratitoli,editor.chars.multi,"Caratteri per riga: {counts} (massimo {limit} per riga, {maxLines} righe)","Characters per line: {counts} (maximum {limit} per line, {maxLines} lines)","प्रति पंक्ति अक्षर: {counts} (प्रति पंक्ति अधिकतम {limit}, {maxLines} पंक्तियाँ)",,
Sopratitoli,editor.chars.tooManyLines,{count} righe,{count} lines,{count} पंक्तियाँ,,
Sopratitoli,dialog.confirm,Conferma,Confirm,पुष्टि करें,,
Sopratitoli,dialog.ok,OK,OK,ठीक है,,
Sopratitoli,dialog.marker.type,Tipo marcatore,Marker type,मार्कर का प्रकार,,
Sopratitoli,dialog.marker.title,Titolo,Title,शीर्षक,,
Sopratitoli,dialog.marker.placeholder,"Atto I, Scena 2, Intervallo…","Act I, Scene 2, Interval…","अंक I, दृश्य 2, मध्यांतर…",,
Sopratitoli,marker.add.title,Inserisci marcatore,Insert marker,मार्कर जोड़ें,,
Sopratitoli,marker.add.message.before,"Il marcatore segna l’inizio di una sezione, prima della battuta {number}. Comparirà nella mappa dello spettacolo.","The marker marks the start of a section, before cue {number}. It will appear in the show map.",मार्कर क्यू {number} से पहले किसी भाग की शुरुआत चिह्नित करता है। यह शो के मानचित्र में दिखेगा।,,
Sopratitoli,marker.add.message,Il marcatore segna l’inizio di una sezione e comparirà nella mappa dello spettacolo.,The marker marks the start of a section and will appear in the show map.,मार्कर किसी भाग की शुरुआत चिह्नित करता है और शो के मानचित्र में दिखेगा।,,
Sopratitoli,marker.edit.title,Modifica marcatore,Edit marker,मार्कर संपादित करें,,
Sopratitoli,marker.edit.message,Cambia il tipo o il titolo della sezione.,Change the type or title of the section.,भाग का प्रकार या शीर्षक बदलें।,,
Sopratitoli,marker.delete.title,Elimina marcatore,Delete marker,मार्कर हटाएँ,,
Sopratitoli,marker.delete.message,Vuoi eliminare il marcatore “{title}”? Le battute restano dove sono. Potrai annullare con Command/Ctrl+Z.,Delete the marker “{title}”? The cues stay where they are. You can undo with Command/Ctrl+Z.,मार्कर “{title}” हटाएँ? क्यू अपनी जगह पर रहेंगे। Command/Ctrl+Z से पूर्ववत कर सकते हैं।,,
Sopratitoli,cue.delete.title,Elimina sopratitolo,Delete surtitle,सरटाइटल हटाएँ,,
Sopratitoli,cue.delete.message,Vuoi eliminare il sopratitolo {number}? Potrai annullare con Command/Ctrl+Z.,Delete surtitle {number}? You can undo with Command/Ctrl+Z.,सरटाइटल {number} हटाएँ? Command/Ctrl+Z से पूर्ववत कर सकते हैं।,,
Sopratitoli,cue.split.cursor.title,Posiziona il cursore,Place the cursor,कर्सर रखें,,
Sopratitoli,cue.split.cursor.message,Clicca nel testo della lingua che vuoi dividere e lascia il cursore nel punto esatto della separazione.,Click in the text of the language you want to split and leave the cursor exactly where the split should go.,जिस भाषा को विभाजित करना है उसके पाठ में क्लिक करें और कर्सर ठीक वहीं रखें जहाँ विभाजन होना चाहिए।,,
Sopratitoli,cue.split.title,Dividi sopratitolo,Split surtitle,सरटाइटल विभाजित करें,,
Sopratitoli,cue.split.message,Come vuoi gestire il testo delle altre lingue?,What should happen to the text in the other languages?,दूसरी भाषाओं के पाठ का क्या करना है?,,
Sopratitoli,cue.split.first,Lascialo nella prima battuta,Keep it in the first cue,पहले क्यू में रखें,,
Sopratitoli,cue.split.second,Spostalo nella seconda battuta,Move it to the second cue,दूसरे क्यू में ले जाएँ,,
Sopratitoli,cue.split.detail,Solo la lingua sotto il cursore viene divisa.,Only the language under the cursor is split.,केवल कर्सर वाली भाषा विभाजित होगी।,,
Sopratitoli,error.notFound,Sopratitolo non trovato.,Surtitle not found.,सरटाइटल नहीं मिला।,,
Sopratitoli,error.noPrevious,Non ci sono sopratitoli precedenti da unire.,There is no previous surtitle to merge with.,मिलाने के लिए कोई पिछला सरटाइटल नहीं है।,,
Sopratitoli,error.noNext,Non ci sono sopratitoli successivi da unire.,There is no next surtitle to merge with.,मिलाने के लिए कोई अगला सरटाइटल नहीं है।,,
Sopratitoli,error.addFromMarker,Non puoi aggiungere un sopratitolo da un marcatore.,You cannot add a surtitle from a marker.,मार्कर से सरटाइटल नहीं जोड़ा जा सकता।,,
Sopratitoli,error.deleteMarker,Questa azione non elimina i marcatori.,This action does not delete markers.,यह क्रिया मार्कर नहीं हटाती।,,
Sopratitoli,error.lastCue,Deve rimanere almeno un sopratitolo.,At least one surtitle must remain.,कम से कम एक सरटाइटल रहना चाहिए।,,
Sopratitoli,error.mergeMarker,Non puoi unire un sopratitolo con un marcatore.,You cannot merge a surtitle with a marker.,सरटाइटल को मार्कर से नहीं मिलाया जा सकता।,,
Sopratitoli,error.splitMarker,Non puoi dividere un marcatore.,You cannot split a marker.,मार्कर को विभाजित नहीं किया जा सकता।,,
Sopratitoli,error.invalidChoice,Scelta non valida per le altre lingue.,Invalid choice for the other languages.,दूसरी भाषाओं के लिए अमान्य विकल्प।,,
Sopratitoli,error.cursor,Metti il cursore nel punto in cui vuoi dividere il sopratitolo.,Place the cursor where you want to split the surtitle.,कर्सर वहाँ रखें जहाँ सरटाइटल विभाजित करना है।,,
Lingue,langs.title,Lingue del progetto,Project languages,प्रोजेक्ट की भाषाएँ,,
Lingue,langs.intro,Le lingue in cui sono scritte le battute. La principale è il riferimento del copione.,The languages the cues are written in. The primary one is the reference for the script.,जिन भाषाओं में क्यू लिखे गए हैं। मुख्य भाषा स्क्रिप्ट का आधार है।,,
Lingue,langs.close,Chiudi,Close,बंद करें,,
Lingue,langs.close.title,Chiudi (Esc),Close (Esc),बंद करें (Esc),,
Lingue,langs.name.aria,Nome della lingua {code},Name of language {code},भाषा {code} का नाम,,
Lingue,langs.count.title,{filled} battute su {total} tradotte,{filled} of {total} cues translated,{total} में से {filled} क्यू अनूदित,,
Lingue,langs.primary,Principale,Primary,मुख्य,,
Lingue,langs.primary.title,Lingua principale,Primary language,मुख्य भाषा,,
Lingue,langs.makePrimary,Rendi principale,Make primary,मुख्य बनाएँ,,
Lingue,langs.makePrimary.title,Imposta come lingua principale,Set as primary language,मुख्य भाषा के रूप में सेट करें,,
Lingue,langs.delete.aria,Elimina {language},Delete {language},{language} हटाएँ,,
Lingue,langs.delete.title,Elimina lingua,Delete language,भाषा हटाएँ,,
Lingue,langs.delete.last,Deve restare almeno una lingua,At least one language must remain,कम से कम एक भाषा रहनी चाहिए,,
Lingue,langs.delete.message,Vuoi eliminare {language} da «{project}»? Anche i testi in questa lingua verranno rimossi.,Delete {language} from “{project}”? The texts in this language will be removed too.,“{project}” से {language} हटाएँ? इस भाषा के पाठ भी हटा दिए जाएँगे।,,
Lingue,langs.thisProject,questo progetto,this project,यह प्रोजेक्ट,,
Lingue,langs.add,Aggiungi lingua,Add language,भाषा जोड़ें,,
Lingue,langs.add.button,Aggiungi,Add,जोड़ें,,
Lingue,langs.code.placeholder,"Codice, es. ja","Code, e.g. ja","कोड, जैसे ja",,
Lingue,langs.code.aria,Codice della nuova lingua,Code of the new language,नई भाषा का कोड,,
Lingue,langs.newName.placeholder,"Nome, es. 日本語","Name, e.g. 日本語","नाम, जैसे 日本語",,
Lingue,langs.newName.aria,Nome della nuova lingua,Name of the new language,नई भाषा का नाम,,
Lingue,langs.copy,Nella nuova lingua copia i testi di {language} come base da tradurre,Copy the {language} texts into the new language as a basis for translation,अनुवाद के आधार के रूप में {language} पाठ नई भाषा में कॉपी करें,,
Lingue,langs.done,Fatto,Done,हो गया,,
Barra laterale,nav.aria,Navigazione principale,Main navigation,मुख्य नेविगेशन,,
Barra laterale,nav.projects,Progetti,Projects,प्रोजेक्ट,,
Barra laterale,nav.cues,Sopratitoli,Surtitles,सरटाइटल,,
Barra laterale,nav.screens,Schermi,Screens,स्क्रीन,,
Barra laterale,nav.settings,Impostazioni,Settings,सेटिंग्स,,
Barra laterale,nav.project.aria,Informazioni progetto,Project information,प्रोजेक्ट की जानकारी,,
Barra laterale,nav.untitled,Senza titolo,Untitled,बिना शीर्षक,,
Barra laterale,nav.saved,salvato localmente,saved locally,इस कंप्यूटर पर सहेजा गया,,
Barra laterale,nav.unsaved,modifiche non salvate,unsaved changes,बिना सहेजे बदलाव,,
Barra laterale,nav.cueCount.one,{count} sopratitolo,{count} surtitle,{count} सरटाइटल,,
Barra laterale,nav.cueCount.other,{count} sopratitoli,{count} surtitles,{count} सरटाइटल,,
Barra laterale,nav.expand,Espandi barra laterale,Expand sidebar,साइडबार फैलाएँ,,
Barra laterale,nav.collapse,Comprimi barra laterale,Collapse sidebar,साइडबार समेटें,,
Barra laterale,nav.version.aria,Versione applicazione,App version,ऐप संस्करण,,
Barra laterale,nav.version,versione {version},version {version},संस्करण {version},,
Barra laterale,nav.right.expand,Espandi barra destra,Expand right sidebar,दायाँ साइडबार फैलाएँ,,
Barra laterale,nav.right.collapse,Comprimi barra destra,Collapse right sidebar,दायाँ साइडबार समेटें,,
Progetti,projects.title,Progetti,Projects,प्रोजेक्ट,,
Progetti,projects.subtitle,I tuoi spettacoli,Your shows,आपके शो,,
Progetti,projects.new,Nuovo,New,नया,,
Progetti,projects.import,Importa,Import,इम्पोर्ट,,
Progetti,projects.save,Salva,Save,सहेजें,,
Progetti,projects.saveAs,Salva con nome…,Save as…,इस रूप में सहेजें…,,
Progetti,projects.search,Cerca progetti…,Search projects…,प्रोजेक्ट खोजें…,,
Progetti,projects.view.aria,Visualizzazione progetti,Project view,प्रोजेक्ट दृश्य,,
Progetti,projects.view.grid,Vista griglia,Grid view,ग्रिड दृश्य,,
Progetti,projects.view.list,Vista lista,List view,सूची दृश्य,,
Progetti,projects.empty,Nessuno spettacolo trovato.,No shows found.,कोई शो नहीं मिला।,,
Progetti,projects.count.one,{count} progetto,{count} project,{count} प्रोजेक्ट,,
Progetti,projects.count.other,{count} progetti,{count} projects,{count} प्रोजेक्ट,,
Progetti,projects.liveShow,Spettacolo dal vivo,Live show,लाइव प्रस्तुति,,
Progetti,projects.untitled,Senza titolo,Untitled,बिना शीर्षक,,
Progetti,projects.modified,Modificato {date},Modified {date},संशोधित {date},,
Progetti,projects.languageCount.one,{count} lingua,{count} language,{count} भाषा,,
Progetti,projects.languageCount.other,{count} lingue,{count} languages,{count} भाषाएँ,,
Progetti,projects.current,aperto,open,खुला है,,
Progetti,projects.details.title,Dettagli progetto,Project details,प्रोजेक्ट विवरण,,
Progetti,projects.details.lastModified,Ultima modifica,Last modified,अंतिम संशोधन,,
Progetti,projects.details.cues,Battute,Cues,क्यू,,
Progetti,projects.details.languages,Lingue,Languages,भाषाएँ,,
Progetti,projects.details.manageLanguages,Gestisci,Manage,प्रबंधित करें,,
Progetti,projects.details.author,Autore/Autrice,Author,लेखक,,
Progetti,projects.details.version,Versione progetto,Project version,प्रोजेक्ट संस्करण,,
Progetti,projects.open,Apri progetto,Open project,प्रोजेक्ट खोलें,,
Progetti,projects.editDetails,Modifica dettagli,Edit details,विवरण संपादित करें,,
Progetti,projects.actions.aria,Azioni progetto: {title},Project actions: {title},प्रोजेक्ट क्रियाएँ: {title},,
Progetti,projects.actions.eyebrow,Azioni progetto,Project actions,प्रोजेक्ट क्रियाएँ,,
Progetti,projects.actions.close,Chiudi,Close,बंद करें,,
Progetti,projects.actions.details,Dettagli,Details,विवरण,,
Progetti,projects.actions.detailsHelp,Modifica titolo e metadati.,Edit title and metadata.,शीर्षक और अन्य जानकारी संपादित करें।,,
Progetti,projects.actions.image,Cambia immagine,Change image,चित्र बदलें,,
Progetti,projects.actions.imageHelp,Scegli una nuova anteprima dello spettacolo.,Choose a new preview image for the show.,शो के लिए नया प्रीव्यू चित्र चुनें।,,
Progetti,projects.actions.export,Esporta,Export,एक्सपोर्ट,,
Progetti,projects.actions.exportHelp,Prepara una copia del progetto.,Prepare a copy of the project.,प्रोजेक्ट की एक प्रति तैयार करें।,,
Progetti,projects.actions.duplicate,Duplica,Duplicate,प्रतिलिपि बनाएँ,,
Progetti,projects.actions.duplicateHelp,Crea una copia modificabile.,Create an editable copy.,एक संपादन योग्य प्रति बनाएँ।,,
Progetti,projects.actions.languages,Lingue,Languages,भाषाएँ,,
Progetti,projects.actions.languagesHelp,"Aggiungi, rinomina o elimina le lingue.","Add, rename or delete languages.","भाषाएँ जोड़ें, नाम बदलें या हटाएँ।",,
Progetti,projects.actions.delete,Elimina,Delete,हटाएँ,,
Progetti,projects.actions.deleteHelp,Rimuovi il progetto da Sténtor.,Remove the project from Sténtor.,प्रोजेक्ट को Sténtor से हटाएँ।,,
Progetti,projects.dialog.new.title,Nuovo progetto,New project,नया प्रोजेक्ट,,
Progetti,projects.dialog.new.message,Scegli un titolo per il nuovo progetto.,Choose a title for the new project.,नए प्रोजेक्ट के लिए शीर्षक चुनें।,,
Progetti,projects.dialog.new.label,Titolo progetto,Project title,प्रोजेक्ट का शीर्षक,,
Progetti,projects.dialog.new.default,Nuovo progetto,New project,नया प्रोजेक्ट,,
Progetti,projects.dialog.new.confirm,Crea,Create,बनाएँ,,
Progetti,projects.dialog.notFound.title,Progetto non trovato,Project not found,प्रोजेक्ट नहीं मिला,,
Progetti,projects.dialog.notFound.message,Non riesco a trovare questo spettacolo nella libreria locale.,This show could not be found in the local library.,यह शो इस कंप्यूटर की लाइब्रेरी में नहीं मिला।,,
Progetti,projects.dialog.details.title,Dettagli,Details,विवरण,,
Progetti,projects.dialog.details.message,Modifica i metadati principali.,Edit the main metadata.,मुख्य जानकारी संपादित करें।,,
Progetti,projects.dialog.details.titleField,Titolo,Title,शीर्षक,,
Progetti,projects.dialog.details.company,Compagnia / collettivo,Company / collective,नाट्य दल / समूह,,
Progetti,projects.dialog.details.author,Autore/Autrice,Author,लेखक,,
Progetti,projects.dialog.image.title,Immagine non importata,Image not imported,चित्र इम्पोर्ट नहीं हुआ,,
Progetti,projects.dialog.image.message,Non riesco a leggere questa immagine.,This image could not be read.,यह चित्र पढ़ा नहीं जा सका।,,
Progetti,projects.dialog.image.format,"Formato immagine non valido. Usa JPG, PNG o WebP.","Unsupported image format. Use JPG, PNG or WebP.","यह चित्र फ़ॉर्मेट समर्थित नहीं है। JPG, PNG या WebP का उपयोग करें।",,
Progetti,projects.dialog.archive.title,Archivia spettacolo,Archive show,शो संग्रहित करें,,
Progetti,projects.dialog.archive.message,Vuoi archiviare “{title}”? Non comparirà più nell’elenco principale.,Archive “{title}”? It will no longer appear in the main list.,“{title}” संग्रहित करें? यह अब मुख्य सूची में नहीं दिखेगा।,,
Progetti,projects.dialog.archive.confirm,Archivia,Archive,संग्रहित करें,,
Progetti,projects.dialog.delete.title,Elimina spettacolo,Delete show,शो हटाएँ,,
Progetti,projects.dialog.delete.message,Vuoi eliminare definitivamente “{title}”?,Permanently delete “{title}”?,“{title}” को स्थायी रूप से हटाएँ?,,
Progetti,projects.dialog.thisShow,questo spettacolo,this show,यह शो,,
Progetti,projects.dialog.import.title,Importa spettacolo,Import show,शो इम्पोर्ट करें,,
Progetti,projects.dialog.import.message,Ci sono modifiche non salvate. Vuoi importare un altro spettacolo e renderlo attivo?,There are unsaved changes. Import another show and make it active?,कुछ बदलाव सहेजे नहीं गए हैं। क्या दूसरा शो इम्पोर्ट करके उसे सक्रिय करना है?,,
Progetti,projects.dialog.import.confirm,Importa,Import,इम्पोर्ट करें,,
Progetti,projects.dialog.importFailed.title,Importazione non riuscita,Import failed,इम्पोर्ट विफल,,
Progetti,projects.dialog.importFailed.word,Non sono riuscito a leggere il copione Word. Verifica che sia un file .docx e riprova.,The Word script could not be read. Check that it is a .docx file and try again.,Word स्क्रिप्ट पढ़ी नहीं जा सकी। जाँचें कि यह .docx फ़ाइल है और फिर से प्रयास करें।,,
Progetti,projects.dialog.importFailed.project,Il file selezionato non sembra essere uno spettacolo Sténtor valido.,The selected file does not look like a valid Sténtor show.,चुनी गई फ़ाइल मान्य Sténtor शो नहीं लगती।,,
Progetti,projects.dialog.importFailed.generic,Controlla il file e riprova.,Check the file and try again.,फ़ाइल जाँचें और फिर से प्रयास करें।,,
Progetti,projects.dialog.save.title,Salva progetto,Save project,प्रोजेक्ट सहेजें,,
Progetti,projects.dialog.saveAs.title,Salva con nome,Save as,इस रूप में सहेजें,,
Progetti,projects.dialog.save.message,Scegli il nome del file progetto da scaricare.,Choose the name of the project file to download.,डाउनलोड होने वाली प्रोजेक्ट फ़ाइल का नाम चुनें।,,
Progetti,projects.dialog.save.label,Nome file,File name,फ़ाइल का नाम,,
Progetti,projects.dialog.saveFailed.title,Salvataggio non riuscito,Save failed,सहेजना विफल,,
Progetti,projects.dialog.saveFailed.message,Non sono riuscito a salvare il progetto. Puoi provare con “Salva con nome”.,The project could not be saved. You can try “Save as”.,प्रोजेक्ट सहेजा नहीं जा सका। “इस रूप में सहेजें” आज़मा सकते हैं।,,
Progetti,projects.dialog.recovery.title,Versione non trovata,Version not found,संस्करण नहीं मिला,,
Progetti,projects.dialog.recovery.message,La versione automatica selezionata non è più disponibile.,The selected automatic version is no longer available.,चुना गया स्वचालित संस्करण अब उपलब्ध नहीं है।,,
Progetti,projects.newShow,Nuovo spettacolo,New show,नया शो,,
Progetti,dialog.language.code,Codice lingua,Language code,भाषा कोड,,
Progetti,dialog.language.name,Nome lingua,Language name,भाषा का नाम,,
Progetti,dialog.language.copy,Copia nella nuova lingua il testo già presente nella lingua attiva,Copy the text of the active language into the new language,सक्रिय भाषा का पाठ नई भाषा में कॉपी करें,,
Progetti,app.about.message,"Sténtor Desktop {version}
Sopratitoli per spettacolo dal vivo.","Sténtor Desktop {version}
Surtitles for live performance.","Sténtor Desktop {version}
लाइव प्रस्तुतियों के लिए सरटाइटल।",,
Progetti,app.shortcuts.title,Scorciatoie da tastiera,Keyboard shortcuts,कीबोर्ड शॉर्टकट,,
Progetti,app.shortcuts.message,"Le scorciatoie si vedono e si cambiano nella card “Scorciatoie”, a destra nella pagina Sopratitoli.","You can see and change the shortcuts in the “Shortcuts” card, on the right of the Surtitles page.",शॉर्टकट सरटाइटल पेज के दाईं ओर “शॉर्टकट” कार्ड में देखे और बदले जा सकते हैं।,,
Schermi,screens.aria,Schermi Sténtor Lite,Sténtor Lite screens,Sténtor Lite स्क्रीन,,
Schermi,screens.toolbar.aria,Controlli Schermi,Screen controls,स्क्रीन नियंत्रण,,
Schermi,screens.eyebrow,Schermi,Screens,स्क्रीन,,
Schermi,screens.heading,Proiezione sopratitoli,Surtitle projection,सरटाइटल प्रोजेक्शन,,
Schermi,screens.add,+ Aggiungi schermo,+ Add screen,+ स्क्रीन जोड़ें,,
Schermi,screens.open,Apri schermo,Open screen,स्क्रीन खोलें,,
Schermi,screens.test,Test,Test,टेस्ट,,
Schermi,screens.fullscreen,Schermo intero,Fullscreen,पूर्ण स्क्रीन,,
Schermi,screens.blackout,Buio,Blackout,ब्लैकआउट,,
Schermi,screens.showText,Mostra testo,Show text,पाठ दिखाएँ,,
Schermi,screens.list.aria,Schermi configurati,Configured screens,सेट की गई स्क्रीन,,
Schermi,screens.list.title,Schermi,Screens,स्क्रीन,,
Schermi,screens.preview,Anteprima,Preview,प्रीव्यू,,
Schermi,screens.inspector.aria,Impostazioni schermo,Screen settings,स्क्रीन सेटिंग्स,,
Schermi,screens.inspector.title,Impostazioni,Settings,सेटिंग्स,,
Schermi,screens.section.screen,Schermo,Screen,स्क्रीन,,
Schermi,screens.field.name,Nome,Name,नाम,,
Schermi,screens.field.language,Lingua,Language,भाषा,,
Schermi,screens.field.followActive,Segue lingua attiva,Follows the active language,सक्रिय भाषा का अनुसरण करता है,,
Schermi,screens.field.format,Formato,Format,फ़ॉर्मेट,,
Schermi,screens.section.look,Aspetto,Appearance,रूप,,
Schermi,screens.field.font,Carattere,Font,फ़ॉन्ट,,
Schermi,screens.field.size,Dimensione,Size,आकार,,
Schermi,screens.field.width,Larghezza,Width,चौड़ाई,,
Schermi,screens.field.position,Posizione,Position,स्थिति,,
Schermi,screens.position.top,Alto,Top,ऊपर,,
Schermi,screens.position.center,Centro,Centre,बीच में,,
Schermi,screens.position.bottom,Basso,Bottom,नीचे,,
Schermi,screens.field.text,Testo,Text,पाठ,,
Schermi,screens.field.background,Sfondo,Background,पृष्ठभूमि,,
Schermi,screens.resetStyle,Ripristina stile,Reset style,शैली पुनर्स्थापित करें,,
Schermi,screens.delete,Elimina schermo,Delete screen,स्क्रीन हटाएँ,,
Schermi,screens.status.blackout,Buio,Blackout,ब्लैकआउट,,
Schermi,screens.status.live,Live,Live,लाइव,,
Schermi,screens.status.standby,Standby,Standby,स्टैंडबाय,,
Schermi,screens.status.active,Attivo,Active,सक्रिय,,
Schermi,screens.aspect.16:9,16:9 panoramico,16:9 widescreen,16:9 वाइडस्क्रीन,,
Schermi,screens.aspect.4:3,4:3 classico,4:3 classic,4:3 क्लासिक,,
Schermi,screens.aspect.free,Libero,Free,मुक्त,,
Schermi,screens.font.system,Sistema sans,System sans,सिस्टम सैंस,,
Schermi,screens.previewText.foyer,"Inquadra il QR code per seguire sopratitoli, traduzioni e audiodescrizione.","Scan the QR code to follow surtitles, translations and audio description.","सरटाइटल, अनुवाद और ऑडियो विवरण देखने के लिए QR कोड स्कैन करें।",,
Schermi,screens.previewText.audioInfo,Audiodescrizione disponibile sul tuo smartphone.,Audio description available on your smartphone.,ऑडियो विवरण आपके स्मार्टफ़ोन पर उपलब्ध है।,,
Schermi,screens.previewText.empty,Schermo pulito,Empty screen,खाली स्क्रीन,,
Schermi,screens.testText,TEST SCHERMO,SCREEN TEST,स्क्रीन टेस्ट,,
Schermi,screens.dialog.new.title,Nuovo schermo,New screen,नई स्क्रीन,,
Schermi,screens.dialog.new.message,Dai un nome al nuovo schermo.,Give the new screen a name.,नई स्क्रीन को एक नाम दें।,,
Schermi,screens.dialog.new.label,Nome schermo,Screen name,स्क्रीन का नाम,,
Schermi,screens.dialog.new.default,Nuovo schermo,New screen,नई स्क्रीन,,
Schermi,screens.dialog.new.confirm,Crea,Create,बनाएँ,,
Schermi,screens.dialog.delete.title,Elimina schermo,Delete screen,स्क्रीन हटाएँ,,
Schermi,screens.dialog.delete.message,Eliminare lo schermo “{name}”?,Delete the screen “{name}”?,स्क्रीन “{name}” हटाएँ?,,
Schermi,screens.dialog.blocked.title,Schermo di proiezione non aperto,Projection screen not opened,प्रोजेक्शन स्क्रीन नहीं खुली,,
Schermi,screens.dialog.blocked.message,Il programma non è riuscito ad aprire lo schermo di proiezione. Consenti le finestre a comparsa per Sténtor e riprova.,The projection screen could not be opened. Allow pop-up windows for Sténtor and try again.,प्रोजेक्शन स्क्रीन खोली नहीं जा सकी। Sténtor के लिए पॉप-अप विंडो की अनुमति दें और फिर से प्रयास करें।,,
Impostazioni,settings.title,Impostazioni,Settings,सेटिंग्स,,
Impostazioni,settings.subtitle,Lingua dell’interfaccia e informazioni sull’applicazione.,Interface language and app information.,इंटरफ़ेस की भाषा और ऐप की जानकारी।,,
Impostazioni,settings.interface,Interfaccia,Interface,इंटरफ़ेस,,
Impostazioni,settings.appLanguage,Lingua interfaccia,Interface language,इंटरफ़ेस की भाषा,,
Impostazioni,settings.appLanguageHelp,Cambia la lingua dei comandi e dell’interfaccia dell’applicazione. Le lingue del copione e degli schermi restano separate.,Changes the language of the app’s commands and interface. Script and screen languages stay separate.,ऐप के कमांड और इंटरफ़ेस की भाषा बदलता है। स्क्रिप्ट और स्क्रीन की भाषाएँ अलग रहती हैं।,,
Impostazioni,settings.about,Informazioni,About,जानकारी,,
Impostazioni,settings.version,Versione,Version,संस्करण,,
Impostazioni,settings.language.close,Chiudi,Close,बंद करें,,
Impostazioni,settings.language.eyebrow,Lingua interfaccia,Interface language,इंटरफ़ेस की भाषा,,
Impostazioni,settings.language.title,Scegli la lingua di Sténtor,Choose Sténtor’s language,Sténtor की भाषा चुनें,,
Impostazioni,settings.language.help,"Modifica comandi, menu e impostazioni. Le lingue del copione restano separate.","Changes commands, menus and settings. Script languages stay separate.","कमांड, मेनू और सेटिंग्स बदलता है। स्क्रिप्ट की भाषाएँ अलग रहती हैं।",,
Impostazioni,settings.language.current,Attuale: {name},Current: {name},वर्तमान: {name},,
Impostazioni,settings.language.chosen,Scelta: {name},Selected: {name},चुनी गई: {name},,
Impostazioni,settings.language.cancel,Annulla,Cancel,रद्द करें,,
Impostazioni,settings.language.confirm,Scegli lingua,Choose language,भाषा चुनें,,
Voci (voiceMessages.hi.js),voice,Voce,Voice,पात्र,,
Voci (voiceMessages.hi.js),noVoice,Nessuna voce,No voice,कोई पात्र नहीं,,
Voci (voiceMessages.hi.js),suggestions,Voci già usate,Voices already used,पहले से उपयोग किए गए पात्र,,
Voci (voiceMessages.hi.js),renameTitle,Modifica voce,Change voice,पात्र बदलें,,
Voci (voiceMessages.hi.js),removeTitle,Rimuovi voce,Remove voice,पात्र हटाएँ,,
Voci (voiceMessages.hi.js),changeQuestion,Vuoi cambiare la voce solo in questa battuta o in tutte le {count} battute con «{voice}»?,Change the voice for this cue only or for all {count} cues with “{voice}”?,क्या पात्र केवल इस क्यू में बदलना है या «{voice}» वाले सभी {count} क्यू में?,,
Voci (voiceMessages.hi.js),removeQuestion,Vuoi rimuovere la voce solo da questa battuta o da tutte le {count} battute con «{voice}»?,Remove the voice from this cue only or from all {count} cues with “{voice}”?,क्या पात्र केवल इस क्यू से हटाना है या «{voice}» वाले सभी {count} क्यू से?,,
Voci (voiceMessages.hi.js),onlyThis,Solo questa battuta,This cue only,केवल यह क्यू,,
Voci (voiceMessages.hi.js),allCues,Tutte le {count} battute,All {count} cues,सभी {count} क्यू,,
Voci (voiceMessages.hi.js),cancel,Annulla,Cancel,रद्द करें,,
Voci (voiceMessages.hi.js),missingCheck,Voci non assegnate,Unassigned voices,बिना पात्र वाले,,
Voci (voiceMessages.hi.js),missingInfo,Voce non assegnata.,No voice assigned.,कोई पात्र निर्धारित नहीं।,,
Voci (voiceMessages.hi.js),importTitle,Copione Word importato,Word script imported,Word स्क्रिप्ट इम्पोर्ट हुई,,
Voci (voiceMessages.hi.js),project,Progetto,Project,प्रोजेक्ट,,
Voci (voiceMessages.hi.js),elements,Elementi creati,Items created,बनाई गई प्रविष्टियाँ,,
Voci (voiceMessages.hi.js),dialogue,Battute riconosciute,Recognized cues,पहचाने गए क्यू,,
Voci (voiceMessages.hi.js),directions,Didascalie,Stage directions,मंच निर्देश,,
Voci (voiceMessages.hi.js),unassigned,Testi senza voce,Texts without a voice,बिना पात्र वाले पाठ,,
Voci (voiceMessages.hi.js),recognized,Voci riconosciute,Recognized voices,पहचाने गए पात्र,,
Voci (voiceMessages.hi.js),firstVoices,Prime voci,First voices,पहले पात्र,,
