area,chiave,italiano,inglese,malayalam,correzione,note
Comuni,card.expand,Espandi {name},Expand {name},{name} വികസിപ്പിക്കുക,,
Comuni,card.collapse,Riduci {name},Collapse {name},{name} ചുരുക്കുക,,
Comuni,card.expandShort,Espandi,Expand,വികസിപ്പിക്കുക,,
Comuni,card.collapseShort,Riduci,Collapse,ചുരുക്കുക,,
Comuni,common.cancel,Annulla,Cancel,റദ്ദാക്കുക,,
Comuni,common.save,Salva,Save,സേവ് ചെയ്യുക,,
Comuni,common.delete,Elimina,Delete,ഇല്ലാതാക്കുക,,
Comuni,common.insert,Inserisci,Insert,ചേർക്കുക,,
Comuni,common.edit,Modifica,Edit,തിരുത്തുക,,
Comuni,common.other,Altro,Other,മറ്റുള്ളവ,,
Comuni,common.notPossible,Operazione non possibile,Not possible,ഇത് ചെയ്യാൻ കഴിയില്ല,,
Comuni,common.undoHint,Puoi annullare con Command/Ctrl+Z.,You can undo with Command/Ctrl+Z.,Command/Ctrl+Z ഉപയോഗിച്ച് പഴയപടിയാക്കാം.,,
Comuni,count.cues.one,{count} battuta,{count} cue,{count} ക്യൂ,,
Comuni,count.cues.other,{count} battute,{count} cues,{count} ക്യൂകൾ,,
Comuni,count.lines.one,{count} riga,{count} line,{count} വരി,,
Comuni,count.lines.other,{count} righe,{count} lines,{count} വരികൾ,,
Comuni,marker.type.act,Atto,Act,അങ്കം,,
Comuni,marker.type.scene,Scena,Scene,രംഗം,,
Comuni,marker.type.picture,Quadro,Tableau,ദൃശ്യം,,
Comuni,marker.type.interval,Intervallo,Interval,ഇടവേള,,
Comuni,marker.type.other,Altro,Other,മറ്റുള്ളവ,,
Comuni,marker.default,Marcatore,Marker,മാർക്കർ,,
Mappa,map.title,Mappa,Map,മാപ്പ്,,
Mappa,map.aria,Mappa dello spettacolo,Show map,ഷോയുടെ മാപ്പ്,,
Mappa,map.hint,Clic: vai all’inizio della sezione,Click: go to the start of the section,ക്ലിക്ക്: ഈ ഭാഗത്തിന്റെ തുടക്കത്തിലേക്ക് പോകുക,,
Mappa,map.subtitle,Indice dello spettacolo,Show outline,ഷോയുടെ രൂപരേഖ,,
Mappa,map.add.title,Inserisci un marcatore prima della battuta selezionata,Insert a marker before the selected cue,തിരഞ്ഞെടുത്ത ക്യൂവിന് മുമ്പ് ഒരു മാർക്കർ ചേർക്കുക,,
Mappa,map.add.aria,Inserisci marcatore,Insert marker,മാർക്കർ ചേർക്കുക,,
Mappa,map.start,Inizio,Start,തുടക്കം,,
Mappa,map.range.none,nessuna battuta,no cues,ക്യൂ ഒന്നുമില്ല,,
Mappa,map.range.single,battuta {number},cue {number},ക്യൂ {number},,
Mappa,map.goTo,Vai a {title},Go to {title},{title}-ലേക്ക് പോകുക,,
Mappa,map.emptySection,{title}: nessuna battuta in questa sezione,{title}: no cues in this section,{title}: ഈ ഭാഗത്ത് ക്യൂ ഒന്നുമില്ല,,
Mappa,map.empty,Seleziona la battuta dove inizia un atto o una scena e premi <icon/> per inserire un marcatore.,Select the cue where an act or scene begins and press <icon/> to insert a marker.,ഒരു അങ്കമോ രംഗമോ തുടങ്ങുന്ന ക്യൂ തിരഞ്ഞെടുത്ത് <icon/> അമർത്തി മാർക്കർ ചേർക്കുക.,,
Tempi,time.title,Tempi,Timing,സമയക്രമം,,
Tempi,time.dialog.clear.title,Azzera i tempi delle battute,Clear cue timings,ക്യൂകളുടെ സമയം മായ്ക്കുക,,
Tempi,time.dialog.clear.message,Vuoi cancellare i tempi registrati di tutte le battute? Le durate delle recite restano.,Delete the recorded timings of all cues? Performance durations are kept.,എല്ലാ ക്യൂകളുടെയും റെക്കോർഡ് ചെയ്ത സമയം മായ്ക്കണോ? അവതരണങ്ങളുടെ ദൈർഘ്യം നിലനിൽക്കും.,,
Tempi,time.dialog.clear.confirm,Azzera tempi,Clear timings,സമയം മായ്ക്കുക,,
Tempi,time.dialog.reset.title,Azzera il cronometro,Reset the stopwatch,സ്റ്റോപ്പ് വാച്ച് പുനഃക്രമീകരിക്കുക,,
Tempi,time.dialog.reset.message,Il tempo di questa recita verrà azzerato senza essere salvato.,The time of this performance will be reset without being saved.,ഈ അവതരണത്തിന്റെ സമയം സേവ് ചെയ്യാതെ പൂജ്യമാക്കും.,,
Tempi,time.dialog.reset.confirm,Azzera,Reset,പൂജ്യമാക്കുക,,
Tempi,time.status.running,in corso,running,നടക്കുന്നു,,
Tempi,time.status.paused,in pausa,paused,താൽക്കാലികമായി നിർത്തി,,
Tempi,time.status.idle,fermo,stopped,നിർത്തിയിരിക്കുന്നു,,
Tempi,time.pause,Pausa,Pause,താൽക്കാലികമായി നിർത്തുക,,
Tempi,time.resume,Riprendi,Resume,തുടരുക,,
Tempi,time.start,Avvia,Start,ആരംഭിക്കുക,,
Tempi,time.finish,Termina,Finish,അവസാനിപ്പിക്കുക,,
Tempi,time.finish.title,Ferma e salva le durate di questa recita,Stop and save the durations of this performance,നിർത്തി ഈ അവതരണത്തിന്റെ ദൈർഘ്യം സേവ് ചെയ്യുക,,
Tempi,time.reset,Azzera senza salvare,Reset without saving,സേവ് ചെയ്യാതെ പൂജ്യമാക്കുക,,
Tempi,time.cues.title,Tempi delle battute,Cue timings,ക്യൂകളുടെ സമയം,,
Tempi,time.cues.count,{timed} di {total},{timed} of {total},{total}-ൽ {timed},,
Tempi,time.mode.manual,Manuale,Manual,സ്വന്തമായി,,
Tempi,time.mode.record,Registra,Record,റെക്കോർഡ്,,
Tempi,time.mode.play,Riproduci,Play,പ്ലേ,,
Tempi,time.manual.text,Conduci tu con Avanti. I tempi registrati non vengono usati.,You run the show with Next. Recorded timings are not used.,“അടുത്തത്” ഉപയോഗിച്ച് നിങ്ങൾ തന്നെ ഷോ നടത്തുന്നു. റെക്കോർഡ് ചെയ്ത സമയം ഉപയോഗിക്കില്ല.,,
Tempi,time.record.step1,Porta in proiezione la prima battuta.,Project the first cue.,ആദ്യത്തെ ക്യൂ പ്രൊജക്ഷനിൽ കാണിക്കുക.,,
Tempi,time.record.step2,Premi <b>Avvia</b> quando entra in scena.,Press <b>Start</b> when it comes on stage.,അത് വേദിയിൽ എത്തുമ്പോൾ <b>ആരംഭിക്കുക</b> അമർത്തുക.,,
Tempi,time.record.step3,Conduci con <b>Avanti</b>: ogni cambio viene registrato.,Run the show with <b>Next</b>: every change is recorded.,<b>അടുത്തത്</b> ഉപയോഗിച്ച് ഷോ നടത്തുക: ഓരോ മാറ്റവും റെക്കോർഡ് ചെയ്യപ്പെടും.,,
Tempi,time.record.step4,Alla fine premi <b>Termina</b>.,At the end press <b>Finish</b>.,അവസാനം <b>അവസാനിപ്പിക്കുക</b> അമർത്തുക.,,
Tempi,time.record.running,● Registrazione in corso: ogni Avanti salva il tempo della battuta che entra.,● Recording: every Next saves the time of the incoming cue.,● റെക്കോർഡിംഗ്: ഓരോ “അടുത്തത്”-ഉം വരുന്ന ക്യൂവിന്റെ സമയം സേവ് ചെയ്യുന്നു.,,
Tempi,time.record.paused,In pausa: i cambi di battuta non vengono registrati.,Paused: cue changes are not recorded.,താൽക്കാലികമായി നിർത്തി: ക്യൂ മാറ്റങ്ങൾ റെക്കോർഡ് ചെയ്യുന്നില്ല.,,
Tempi,time.play.stop,Ferma,Stop,നിർത്തുക,,
Tempi,time.play.from,Riproduci da {number},Play from {number},{number} മുതൽ പ്ലേ ചെയ്യുക,,
Tempi,time.play.playing,Le battute avanzano da sole. Avanti e Indietro restano attivi: la riproduzione riparte dalla battuta scelta.,Cues advance on their own. Next and Back still work: playback restarts from the chosen cue.,"ക്യൂകൾ സ്വയം മുന്നോട്ട് പോകുന്നു. “അടുത്തത്”, “പിന്നോട്ട്” എന്നിവ പ്രവർത്തിക്കും: തിരഞ്ഞെടുത്ത ക്യൂവിൽ നിന്ന് പ്ലേബാക്ക് വീണ്ടും തുടങ്ങും.",,
Tempi,time.play.ready,Le battute avanzeranno da sole seguendo i tempi registrati.,Cues will advance on their own following the recorded timings.,റെക്കോർഡ് ചെയ്ത സമയം അനുസരിച്ച് ക്യൂകൾ സ്വയം മുന്നോട്ട് പോകും.,,
Tempi,time.play.noTime,Questa battuta non ha un tempo registrato: scegline una con il tempo per partire.,This cue has no recorded time: pick one with a time to start.,ഈ ക്യൂവിന് റെക്കോർഡ് ചെയ്ത സമയമില്ല: തുടങ്ങാൻ സമയമുള്ള ഒരു ക്യൂ തിരഞ്ഞെടുക്കുക.,,
Tempi,time.play.none,Nessun tempo registrato: usa prima <b>Registra</b> durante una prova.,No timings recorded yet: first use <b>Record</b> during a rehearsal.,ഇതുവരെ സമയമൊന്നും റെക്കോർഡ് ചെയ്തിട്ടില്ല: ആദ്യം ഒരു റിഹേഴ്സലിൽ <b>റെക്കോർഡ്</b> ഉപയോഗിക്കുക.,,
Tempi,time.clear,Azzera tempi delle battute,Clear cue timings,ക്യൂകളുടെ സമയം മായ്ക്കുക,,
Tempi,time.last,Ultima recita · {date},Last performance · {date},അവസാന അവതരണം · {date},,
Tempi,time.previous,Recite precedenti ({count}),Previous performances ({count}),മുൻ അവതരണങ്ങൾ ({count}),,
Tempi,time.hint,Avvia all’inizio della recita. Con i marcatori della Mappa misura anche ogni atto; “Termina” salva le durate nel progetto.,Start at the beginning of the performance. With Map markers it also times each act; “Finish” saves the durations in the project.,അവതരണം തുടങ്ങുമ്പോൾ ആരംഭിക്കുക. മാപ്പിലെ മാർക്കറുകൾ ഉണ്ടെങ്കിൽ ഓരോ അങ്കത്തിന്റെയും സമയം അളക്കും; “അവസാനിപ്പിക്കുക” ദൈർഘ്യം പ്രോജക്റ്റിൽ സേവ് ചെയ്യുന്നു.,,
Strumenti,tools.title,Strumenti,Tools,ടൂളുകൾ,,
Strumenti,tools.tab.check,Verifica,Check,പരിശോധന,,
Strumenti,tools.tab.clean,Pulizia,Clean up,വൃത്തിയാക്കൽ,,
Strumenti,tools.cue,Battuta {number},Cue {number},ക്യൂ {number},,
Strumenti,tools.cue.info,{lines} · {chars} caratteri,{lines} · {chars} characters,{lines} · {chars} അക്ഷരങ്ങൾ,,
Strumenti,tools.cue.empty,vuota in {language},empty in {language},{language}-ൽ ശൂന്യം,,
Strumenti,tools.noIssues,Nessun problema nel copione in {language}.,No issues in the {language} script.,{language} സ്ക്രിപ്റ്റിൽ പ്രശ്നങ്ങളൊന്നുമില്ല.,,
Strumenti,tools.issue.hint,{detail} {cues}: clic per andare alla prossima.,{detail} {cues}: click to go to the next one.,{detail} {cues}: അടുത്തതിലേക്ക് പോകാൻ ക്ലിക്ക് ചെയ്യുക.,,
Strumenti,tools.contrast.error,Colori dello schermo poco leggibili,Screen colours hard to read,സ്ക്രീനിലെ നിറങ്ങൾ വായിക്കാൻ പ്രയാസം,,
Strumenti,tools.contrast.warning,Colori dello schermo appena sufficienti,Screen colours barely readable,സ്ക്രീനിലെ നിറങ്ങൾ കഷ്ടിച്ച് വായിക്കാം,,
Strumenti,tools.contrast.detail,testo e sfondo troppo simili · cambia i colori in Schermi,text and background too similar · change the colours in Screens,അക്ഷരവും പശ്ചാത്തലവും വളരെ സാമ്യമുള്ളവ · സ്ക്രീനുകൾ എന്ന പേജിൽ നിറങ്ങൾ മാറ്റുക,,
Strumenti,tools.limit.title,Caratteri per riga,Characters per line,ഒരു വരിയിലെ അക്ഷരങ്ങൾ,,
Strumenti,tools.limit.custom,Numero di caratteri per riga,Number of characters per line,ഒരു വരിയിലെ അക്ഷരങ്ങളുടെ എണ്ണം,,
Strumenti,check.missing.title,Controllo testi mancanti,Missing text check,ഇല്ലാത്ത വാചക പരിശോധന,,
Strumenti,check.missing.single,senza testo in questa lingua,no text in this language,ഈ ഭാഷയിൽ വാചകമില്ല,,
Strumenti,check.missing.detail,Battute senza testo nella lingua di lavoro.,Cues with no text in the working language.,പ്രവർത്തന ഭാഷയിൽ വാചകമില്ലാത്ത ക്യൂകൾ.,,
Strumenti,check.lines.title,Controllo righe,Line count check,വരികളുടെ എണ്ണം പരിശോധന,,
Strumenti,check.lines.single,con più di due righe,more than two lines,രണ്ടിൽ കൂടുതൽ വരികൾ,,
Strumenti,check.lines.detail,Battute con più di due righe.,Cues with more than two lines.,രണ്ടിൽ കൂടുതൽ വരികളുള്ള ക്യൂകൾ.,,
Strumenti,check.long.title,Controllo lunghezza,Length check,നീളം പരിശോധന,,
Strumenti,check.long.single,troppo lunga,too long,വളരെ നീളം,,
Strumenti,check.long.detail,Più di {limit} caratteri in una riga o {total} in tutto.,More than {limit} characters in a line or {total} in total.,"ഒരു വരിയിൽ {limit}-ൽ കൂടുതൽ അക്ഷരങ്ങൾ, അല്ലെങ്കിൽ ആകെ {total}-ൽ കൂടുതൽ.",,
Strumenti,check.spacing.title,Controllo spazi,Spacing check,സ്പേസ് പരിശോധന,,
Strumenti,check.spacing.single,con spazi da sistemare,spacing to fix,സ്പേസ് ശരിയാക്കണം,,
Strumenti,check.spacing.detail,Spazi doppi o fuori posto: la scheda Pulizia li corregge.,Double or misplaced spaces: the Clean up tab fixes them.,ഇരട്ടയോ തെറ്റായ സ്ഥാനത്തോ ഉള്ള സ്പേസുകൾ: വൃത്തിയാക്കൽ ടാബ് അവ ശരിയാക്കും.,,
Strumenti,clean.scope,Cosa correggere,What to fix,എന്ത് ശരിയാക്കണം,,
Strumenti,clean.scope.cue,Battuta {number},Cue {number},ക്യൂ {number},,
Strumenti,clean.scope.all,Tutto il copione,Whole script,മുഴുവൻ സ്ക്രിപ്റ്റും,,
Strumenti,clean.spaces.label,Spazi,Spaces,സ്പേസുകൾ,,
Strumenti,clean.spaces.help,"Toglie spazi doppi, spazi prima della punteggiatura e spazi a inizio o fine riga.","Removes double spaces, spaces before punctuation and spaces at the start or end of a line.","ഇരട്ട സ്പേസുകൾ, ചിഹ്നങ്ങൾക്ക് മുമ്പുള്ള സ്പേസുകൾ, വരിയുടെ തുടക്കത്തിലോ അവസാനത്തിലോ ഉള്ള സ്പേസുകൾ എന്നിവ നീക്കുന്നു.",,
Strumenti,clean.emptyLines.label,Righe vuote,Empty lines,ശൂന്യമായ വരികൾ,,
Strumenti,clean.emptyLines.help,Eliminare eventuali righe presenti vuote dentro le battute,Remove any empty lines inside cues,ക്യൂകൾക്കുള്ളിലെ ശൂന്യമായ വരികൾ നീക്കുക,,
Strumenti,clean.typography.label,Tipografia,Typography,ടൈപ്പോഗ്രഫി,,
Strumenti,clean.typography.help,Apostrofo tipografico (’) e tre puntini in un solo carattere (…).,Typographic apostrophe (’) and three dots as a single character (…).,"ടൈപ്പോഗ്രഫിക് അപ്പോസ്ട്രോഫി (’), മൂന്ന് കുത്തുകൾ ഒറ്റ അക്ഷരമായി (…).",,
Strumenti,clean.footnote,Vale per tutte le lingue. In francese lo spazio davanti a ; : ! ? viene mantenuto (come spazio unificatore).,Applies to all languages. In French the space before ; : ! ? is kept (as a non-breaking space).,എല്ലാ ഭാഷകൾക്കും ബാധകം. ഫ്രഞ്ചിൽ ; : ! ? എന്നിവയ്ക്ക് മുമ്പുള്ള സ്പേസ് നിലനിർത്തും (നോൺ-ബ്രേക്കിംഗ് സ്പേസ് ആയി).,,
Strumenti,clean.apply.cue,Correggi la battuta {number},Fix cue {number},ക്യൂ {number} ശരിയാക്കുക,,
Strumenti,clean.apply.all,Correggi tutto il copione,Fix the whole script,മുഴുവൻ സ്ക്രിപ്റ്റും ശരിയാക്കുക,,
Strumenti,clean.none,Attiva almeno una correzione.,Turn on at least one fix.,കുറഞ്ഞത് ഒരു തിരുത്തലെങ്കിലും ഓണാക്കുക.,,
Strumenti,clean.done.one,{count} battuta corretta. Puoi annullare con Command/Ctrl+Z.,{count} cue fixed. You can undo with Command/Ctrl+Z.,{count} ക്യൂ ശരിയാക്കി. Command/Ctrl+Z ഉപയോഗിച്ച് പഴയപടിയാക്കാം.,,
Strumenti,clean.done.other,{count} battute corrette. Puoi annullare con Command/Ctrl+Z.,{count} cues fixed. You can undo with Command/Ctrl+Z.,{count} ക്യൂകൾ ശരിയാക്കി. Command/Ctrl+Z ഉപയോഗിച്ച് പഴയപടിയാക്കാം.,,
Strumenti,clean.nothing,Niente da correggere.,Nothing to fix.,ശരിയാക്കാൻ ഒന്നുമില്ല.,,
Scorciatoie,shortcuts.title,Scorciatoie,Shortcuts,കുറുക്കുവഴികൾ,,
Scorciatoie,shortcuts.aria,Scorciatoie da tastiera,Keyboard shortcuts,കീബോർഡ് കുറുക്കുവഴികൾ,,
Scorciatoie,shortcuts.action.next,Avanti,Next,അടുത്തത്,,
Scorciatoie,shortcuts.action.next.detail,Proietta la battuta successiva,Projects the next cue,അടുത്ത ക്യൂ പ്രൊജക്ട് ചെയ്യുന്നു,,
Scorciatoie,shortcuts.action.previous,Indietro,Back,പിന്നോട്ട്,,
Scorciatoie,shortcuts.action.previous.detail,Torna alla battuta precedente,Goes back to the previous cue,മുമ്പത്തെ ക്യൂവിലേക്ക് മടങ്ങുന്നു,,
Scorciatoie,shortcuts.action.blackout,Schermo vuoto,Blackout,ബ്ലാക്കൗട്ട്,,
Scorciatoie,shortcuts.action.blackout.detail,Oscura o riaccende lo schermo,Blanks or restores the screen,സ്ക്രീൻ ഇരുട്ടാക്കുകയോ വീണ്ടും കാണിക്കുകയോ ചെയ്യുന്നു,,
Scorciatoie,shortcuts.action.fullscreen,Schermo intero,Fullscreen,പൂർണ്ണ സ്ക്രീൻ,,
Scorciatoie,shortcuts.action.fullscreen.detail,Apre l’anteprima a tutto schermo,Opens the preview in fullscreen,പ്രിവ്യൂ പൂർണ്ണ സ്ക്രീനിൽ തുറക്കുന്നു,,
Scorciatoie,shortcuts.action.browseNext,Seleziona successiva,Select next,അടുത്തത് തിരഞ്ഞെടുക്കുക,,
Scorciatoie,shortcuts.action.browseNext.detail,Scorre l’elenco senza proiettare,Moves through the list without projecting,പ്രൊജക്ട് ചെയ്യാതെ പട്ടികയിലൂടെ നീങ്ങുന്നു,,
Scorciatoie,shortcuts.action.browsePrevious,Seleziona precedente,Select previous,മുമ്പത്തേത് തിരഞ്ഞെടുക്കുക,,
Scorciatoie,shortcuts.action.browsePrevious.detail,Scorre l’elenco senza proiettare,Moves through the list without projecting,പ്രൊജക്ട് ചെയ്യാതെ പട്ടികയിലൂടെ നീങ്ങുന്നു,,
Scorciatoie,shortcuts.fixed.aria,Scorciatoie fisse,Fixed shortcuts,സ്ഥിരമായ കുറുക്കുവഴികൾ,,
Scorciatoie,shortcuts.fixed.undo,Annulla,Undo,പഴയപടിയാക്കുക,,
Scorciatoie,shortcuts.fixed.redo,Ripeti,Redo,വീണ്ടും ചെയ്യുക,,
Scorciatoie,shortcuts.fixed.exitField,Esci dal campo di testo,Leave the text field,ടെക്സ്റ്റ് ഫീൽഡിൽ നിന്ന് പുറത്തുകടക്കുക,,
Scorciatoie,shortcuts.key.Space,Spazio,Space,സ്പേസ്,,
Scorciatoie,shortcuts.key.Enter,Invio,Return,റിട്ടേൺ,,
Scorciatoie,shortcuts.key.Delete,Canc,Del,ഡിലീറ്റ്,,
Scorciatoie,shortcuts.key.PageUp,Pag ↑,Page ↑,പേജ് ↑,,
Scorciatoie,shortcuts.key.PageDown,Pag ↓,Page ↓,പേജ് ↓,,
Scorciatoie,shortcuts.key.Home,Inizio,Home,ഹോം,,
Scorciatoie,shortcuts.key.End,Fine,End,എൻഡ്,,
Scorciatoie,shortcuts.key.numpad,{key} (tast. num.),{key} (keypad),{key} (കീപാഡ്),,
Scorciatoie,shortcuts.press,Premi…,Press…,അമർത്തുക…,,
Scorciatoie,shortcuts.recording.title,Premi il nuovo tasto (Esc annulla),Press the new key (Esc cancels),പുതിയ കീ അമർത്തുക (Esc റദ്ദാക്കും),,
Scorciatoie,shortcuts.change.title,Clic per cambiare tasto,Click to change the key,കീ മാറ്റാൻ ക്ലിക്ക് ചെയ്യുക,,
Scorciatoie,shortcuts.change.aria,{action}: {key}. Cambia tasto,{action}: {key}. Change key,{action}: {key}. കീ മാറ്റുക,,
Scorciatoie,shortcuts.remove.aria,Togli {key} da {action},Remove {key} from {action},{action}-ൽ നിന്ന് {key} നീക്കുക,,
Scorciatoie,shortcuts.remove.title,Togli questo tasto,Remove this key,ഈ കീ നീക്കുക,,
Scorciatoie,shortcuts.add.aria,Aggiungi un tasto per {action},Add a key for {action},{action}-ന് ഒരു കീ ചേർക്കുക,,
Scorciatoie,shortcuts.add.title,Aggiungi un tasto,Add a key,ഒരു കീ ചേർക്കുക,,
Scorciatoie,shortcuts.hint.recording,Premi il tasto da usare. Esc annulla.,Press the key to use. Esc cancels.,ഉപയോഗിക്കേണ്ട കീ അമർത്തുക. Esc റദ്ദാക്കും.,,
Scorciatoie,shortcuts.hint.modifiers,"Cmd, Ctrl e Alt restano al sistema: scegli un tasto senza questi.","Cmd, Ctrl and Alt are kept for the system: choose a key without them.","Cmd, Ctrl, Alt എന്നിവ സിസ്റ്റത്തിനുള്ളതാണ്: അവയില്ലാത്ത ഒരു കീ തിരഞ്ഞെടുക്കുക.",,
Scorciatoie,shortcuts.hint.invalid,Questo tasto non si può assegnare.,This key cannot be assigned.,ഈ കീ നൽകാൻ കഴിയില്ല.,,
Scorciatoie,shortcuts.hint.moved,{key} tolto da “{action}”.,{key} removed from “{action}”.,“{action}”-ൽ നിന്ന് {key} നീക്കി.,,
Scorciatoie,shortcuts.reset,Ripristina tasti predefiniti,Restore default keys,സ്ഥിരസ്ഥിതി കീകൾ പുനഃസ്ഥാപിക്കുക,,
Sopratitoli,cues.current,Attuale,Live,ലൈവ്,,
Sopratitoli,cues.blackout,Schermo vuoto,Blackout,ബ്ലാക്കൗട്ട്,,
Sopratitoli,cues.list.title,Battute,Cues,ക്യൂകൾ,,
Sopratitoli,cues.list.aria,Sopratitoli in sequenza,Surtitles in sequence,ക്രമത്തിലുള്ള സർടൈറ്റിലുകൾ,,
Sopratitoli,cues.empty,Sopratitolo vuoto,Empty surtitle,ശൂന്യമായ സർടൈറ്റിൽ,,
Sopratitoli,cues.next,Prossima,Next,അടുത്തത്,,
Sopratitoli,cues.recordedTime,Tempo registrato: quando entra la battuta,Recorded time: when the cue comes in,റെക്കോർഡ് ചെയ്ത സമയം: ക്യൂ വരുന്ന നിമിഷം,,
Sopratitoli,cues.expand,Espandi modifica sopratitolo {number},Expand editor for surtitle {number},സർടൈറ്റിൽ {number}-ന്റെ എഡിറ്റർ തുറക്കുക,,
Sopratitoli,cues.collapse,Chiudi modifica sopratitolo {number},Close editor for surtitle {number},സർടൈറ്റിൽ {number}-ന്റെ എഡിറ്റർ അടയ്ക്കുക,,
Sopratitoli,cues.inlineText,Testo sopratitolo {number},Text of surtitle {number},സർടൈറ്റിൽ {number}-ന്റെ വാചകം,,
Sopratitoli,cues.note.edit,Clic per modificare la nota,Click to edit the note,കുറിപ്പ് തിരുത്താൻ ക്ലിക്ക് ചെയ്യുക,,
Sopratitoli,cues.note.label,Nota operatore,Operator note,ഓപ്പറേറ്റർ കുറിപ്പ്,,
Sopratitoli,marker.row.title,Doppio clic: modifica marcatore,Double-click: edit marker,ഡബിൾ ക്ലിക്ക്: മാർക്കർ തിരുത്തുക,,
Sopratitoli,marker.edit,Modifica marcatore,Edit marker,മാർക്കർ തിരുത്തുക,,
Sopratitoli,marker.edit.aria,Modifica marcatore {title},Edit marker {title},{title} മാർക്കർ തിരുത്തുക,,
Sopratitoli,marker.delete,Elimina marcatore,Delete marker,മാർക്കർ ഇല്ലാതാക്കുക,,
Sopratitoli,marker.delete.aria,Elimina marcatore {title},Delete marker {title},{title} മാർക്കർ ഇല്ലാതാക്കുക,,
Sopratitoli,conductor.aria,Comandi di conduzione,Show controls,ഷോ നിയന്ത്രണങ്ങൾ,,
Sopratitoli,conductor.back,Indietro,Back,പിന്നോട്ട്,,
Sopratitoli,conductor.next,Avanti,Next,അടുത്തത്,,
Sopratitoli,conductor.goTo.label,Vai a battuta,Go to cue,ക്യൂവിലേക്ക് പോകുക,,
Sopratitoli,conductor.goTo.title,"Numero di battuta, parola del testo o titolo di un marcatore (es. atto 2)","Cue number, a word from the text or a marker title (e.g. act 2)","ക്യൂ നമ്പർ, വാചകത്തിലെ ഒരു വാക്ക്, അല്ലെങ്കിൽ മാർക്കറിന്റെ പേര് (ഉദാ. അങ്കം 2)",,
Sopratitoli,conductor.goTo.placeholder,Vai a: n° o parola,Go to: no. or word,പോകുക: നമ്പർ / വാക്ക്,,
Sopratitoli,conductor.goTo.missed,Nessuna battuta trovata,No cue found,ക്യൂ കണ്ടെത്തിയില്ല,,
Sopratitoli,conductor.showText,Mostra testo,Show text,വാചകം കാണിക്കുക,,
Sopratitoli,conductor.blackout,Schermo vuoto,Blackout,ബ്ലാക്കൗട്ട്,,
Sopratitoli,conductor.projection,Proiezione,Projection,പ്രൊജക്ഷൻ,,
Sopratitoli,conductor.projection.title,Apri o mostra la finestra di proiezione,Open or show the projection window,പ്രൊജക്ഷൻ വിൻഡോ തുറക്കുക അല്ലെങ്കിൽ കാണിക്കുക,,
Sopratitoli,conductor.projection.aria,Apri proiezione,Open projection,പ്രൊജക്ഷൻ തുറക്കുക,,
Sopratitoli,rightColumn.aria,Proprietà,Properties,ഗുണങ്ങൾ,,
Sopratitoli,toolbar.aria,Modifica struttura sopratitoli,Edit surtitle structure,സർടൈറ്റിലുകളുടെ ഘടന തിരുത്തുക,,
Sopratitoli,toolbar.addAfter,Aggiungi dopo,Add after,ശേഷം ചേർക്കുക,,
Sopratitoli,toolbar.addAfter.aria,Aggiungi sopratitolo dopo,Add surtitle after,ശേഷം ഒരു സർടൈറ്റിൽ ചേർക്കുക,,
Sopratitoli,toolbar.split,Dividi,Split,വിഭജിക്കുക,,
Sopratitoli,toolbar.split.aria,Dividi sopratitolo,Split surtitle,സർടൈറ്റിൽ വിഭജിക്കുക,,
Sopratitoli,toolbar.merge,Unisci con successiva,Merge with next,അടുത്തതുമായി ചേർക്കുക,,
Sopratitoli,toolbar.merge.aria,Unisci con il sopratitolo successivo,Merge with the next surtitle,അടുത്ത സർടൈറ്റിലുമായി ലയിപ്പിക്കുക,,
Sopratitoli,toolbar.marker,"Inserisci marcatore (atto, scena…) prima della battuta","Insert marker (act, scene…) before the cue","ക്യൂവിന് മുമ്പ് മാർക്കർ (അങ്കം, രംഗം…) ചേർക്കുക",,
Sopratitoli,toolbar.marker.aria,Inserisci marcatore prima della battuta selezionata,Insert marker before the selected cue,തിരഞ്ഞെടുത്ത ക്യൂവിന് മുമ്പ് മാർക്കർ ചേർക്കുക,,
Sopratitoli,toolbar.delete,Elimina,Delete,ഇല്ലാതാക്കുക,,
Sopratitoli,toolbar.delete.aria,Elimina sopratitolo,Delete surtitle,സർടൈറ്റിൽ ഇല്ലാതാക്കുക,,
Sopratitoli,languages.aria,Lingua delle battute,Cue language,ക്യൂവിന്റെ ഭാഷ,,
Sopratitoli,languages.progress,{language} · {filled}/{total} battute,{language} · {filled}/{total} cues,{language} · {filled}/{total} ക്യൂകൾ,,
Sopratitoli,languages.manage.title,"Lingue del progetto: aggiungi, rinomina, elimina","Project languages: add, rename, delete","പ്രോജക്റ്റ് ഭാഷകൾ: ചേർക്കുക, പേര് മാറ്റുക, ഇല്ലാതാക്കുക",,
Sopratitoli,languages.manage.aria,Gestisci le lingue del progetto,Manage project languages,പ്രോജക്റ്റ് ഭാഷകൾ കൈകാര്യം ചെയ്യുക,,
Sopratitoli,editor.aria,Modifica sopratitolo {number},Edit surtitle {number},സർടൈറ്റിൽ {number} തിരുത്തുക,,
Sopratitoli,editor.text.aria,Testo {language} sopratitolo {number},{language} text of surtitle {number},സർടൈറ്റിൽ {number}-ന്റെ {language} വാചകം,,
Sopratitoli,editor.style.aria,Controlli di stile,Style controls,ശൈലി നിയന്ത്രണങ്ങൾ,,
Sopratitoli,editor.bold,Grassetto,Bold,ബോൾഡ്,,
Sopratitoli,editor.italic,Corsivo,Italic,ഇറ്റാലിക്,,
Sopratitoli,editor.underline,Sottolineato,Underline,അടിവര,,
Sopratitoli,editor.color,Colore testo,Text colour,അക്ഷരത്തിന്റെ നിറം,,
Sopratitoli,editor.smaller,Riduci dimensione testo,Decrease text size,അക്ഷര വലുപ്പം കുറയ്ക്കുക,,
Sopratitoli,editor.larger,Aumenta dimensione testo,Increase text size,അക്ഷര വലുപ്പം കൂട്ടുക,,
Sopratitoli,editor.scaleValue,Dimensione testo {value}%,Text size {value}%,അക്ഷര വലുപ്പം {value}%,,
Sopratitoli,editor.clear,Rimuovi formattazione,Clear formatting,ഫോർമാറ്റിംഗ് നീക്കുക,,
Sopratitoli,editor.notes,Note operatore,Operator notes,ഓപ്പറേറ്റർ കുറിപ്പുകൾ,,
Sopratitoli,editor.notes.aria,Note operatore sopratitolo {number},Operator notes for surtitle {number},സർടൈറ്റിൽ {number}-നുള്ള ഓപ്പറേറ്റർ കുറിപ്പുകൾ,,
Sopratitoli,editor.notes.placeholder,Indicazioni per la regia...,Notes for the operator...,ഓപ്പറേറ്റർക്കുള്ള കുറിപ്പുകൾ...,,
Sopratitoli,editor.chars.single,{count} caratteri (massimo {limit} per riga),{count} characters (maximum {limit} per line),{count} അക്ഷരങ്ങൾ (ഒരു വരിയിൽ പരമാവധി {limit}),,
Sopratitoli,editor.chars.multi,"Caratteri per riga: {counts} (massimo {limit} per riga, {maxLines} righe)","Characters per line: {counts} (maximum {limit} per line, {maxLines} lines)","ഓരോ വരിയിലെയും അക്ഷരങ്ങൾ: {counts} (ഒരു വരിയിൽ പരമാവധി {limit}, {maxLines} വരികൾ)",,
Sopratitoli,editor.chars.tooManyLines,{count} righe,{count} lines,{count} വരികൾ,,
Sopratitoli,dialog.confirm,Conferma,Confirm,സ്ഥിരീകരിക്കുക,,
Sopratitoli,dialog.ok,OK,OK,ശരി,,
Sopratitoli,dialog.marker.type,Tipo marcatore,Marker type,മാർക്കറിന്റെ തരം,,
Sopratitoli,dialog.marker.title,Titolo,Title,പേര്,,
Sopratitoli,dialog.marker.placeholder,"Atto I, Scena 2, Intervallo…","Act I, Scene 2, Interval…","അങ്കം I, രംഗം 2, ഇടവേള…",,
Sopratitoli,marker.add.title,Inserisci marcatore,Insert marker,മാർക്കർ ചേർക്കുക,,
Sopratitoli,marker.add.message.before,"Il marcatore segna l’inizio di una sezione, prima della battuta {number}. Comparirà nella mappa dello spettacolo.","The marker marks the start of a section, before cue {number}. It will appear in the show map.",ക്യൂ {number}-ന് മുമ്പ് ഒരു ഭാഗത്തിന്റെ തുടക്കം മാർക്കർ അടയാളപ്പെടുത്തുന്നു. ഇത് ഷോയുടെ മാപ്പിൽ കാണാം.,,
Sopratitoli,marker.add.message,Il marcatore segna l’inizio di una sezione e comparirà nella mappa dello spettacolo.,The marker marks the start of a section and will appear in the show map.,"മാർക്കർ ഒരു ഭാഗത്തിന്റെ തുടക്കം അടയാളപ്പെടുത്തുന്നു, ഇത് ഷോയുടെ മാപ്പിൽ കാണാം.",,
Sopratitoli,marker.edit.title,Modifica marcatore,Edit marker,മാർക്കർ തിരുത്തുക,,
Sopratitoli,marker.edit.message,Cambia il tipo o il titolo della sezione.,Change the type or title of the section.,ഭാഗത്തിന്റെ തരമോ പേരോ മാറ്റുക.,,
Sopratitoli,marker.delete.title,Elimina marcatore,Delete marker,മാർക്കർ ഇല്ലാതാക്കുക,,
Sopratitoli,marker.delete.message,Vuoi eliminare il marcatore “{title}”? Le battute restano dove sono. Potrai annullare con Command/Ctrl+Z.,Delete the marker “{title}”? The cues stay where they are. You can undo with Command/Ctrl+Z.,“{title}” എന്ന മാർക്കർ ഇല്ലാതാക്കണോ? ക്യൂകൾ അതേ സ്ഥാനത്ത് നിലനിൽക്കും. Command/Ctrl+Z ഉപയോഗിച്ച് പഴയപടിയാക്കാം.,,
Sopratitoli,cue.delete.title,Elimina sopratitolo,Delete surtitle,സർടൈറ്റിൽ ഇല്ലാതാക്കുക,,
Sopratitoli,cue.delete.message,Vuoi eliminare il sopratitolo {number}? Potrai annullare con Command/Ctrl+Z.,Delete surtitle {number}? You can undo with Command/Ctrl+Z.,സർടൈറ്റിൽ {number} ഇല്ലാതാക്കണോ? Command/Ctrl+Z ഉപയോഗിച്ച് പഴയപടിയാക്കാം.,,
Sopratitoli,cue.split.cursor.title,Posiziona il cursore,Place the cursor,കഴ്സർ വയ്ക്കുക,,
Sopratitoli,cue.split.cursor.message,Clicca nel testo della lingua che vuoi dividere e lascia il cursore nel punto esatto della separazione.,Click in the text of the language you want to split and leave the cursor exactly where the split should go.,"വിഭജിക്കേണ്ട ഭാഷയുടെ വാചകത്തിൽ ക്ലിക്ക് ചെയ്ത്, വിഭജനം വേണ്ട സ്ഥലത്ത് കൃത്യമായി കഴ്സർ വയ്ക്കുക.",,
Sopratitoli,cue.split.title,Dividi sopratitolo,Split surtitle,സർടൈറ്റിൽ വിഭജിക്കുക,,
Sopratitoli,cue.split.message,Come vuoi gestire il testo delle altre lingue?,What should happen to the text in the other languages?,മറ്റ് ഭാഷകളിലെ വാചകത്തിന് എന്ത് സംഭവിക്കണം?,,
Sopratitoli,cue.split.first,Lascialo nella prima battuta,Keep it in the first cue,ആദ്യത്തെ ക്യൂവിൽ നിലനിർത്തുക,,
Sopratitoli,cue.split.second,Spostalo nella seconda battuta,Move it to the second cue,രണ്ടാമത്തെ ക്യൂവിലേക്ക് മാറ്റുക,,
Sopratitoli,cue.split.detail,Solo la lingua sotto il cursore viene divisa.,Only the language under the cursor is split.,കഴ്സർ ഉള്ള ഭാഷ മാത്രമേ വിഭജിക്കപ്പെടൂ.,,
Sopratitoli,error.notFound,Sopratitolo non trovato.,Surtitle not found.,സർടൈറ്റിൽ കണ്ടെത്തിയില്ല.,,
Sopratitoli,error.noPrevious,Non ci sono sopratitoli precedenti da unire.,There is no previous surtitle to merge with.,ലയിപ്പിക്കാൻ മുമ്പത്തെ സർടൈറ്റിൽ ഇല്ല.,,
Sopratitoli,error.noNext,Non ci sono sopratitoli successivi da unire.,There is no next surtitle to merge with.,ലയിപ്പിക്കാൻ അടുത്ത സർടൈറ്റിൽ ഇല്ല.,,
Sopratitoli,error.addFromMarker,Non puoi aggiungere un sopratitolo da un marcatore.,You cannot add a surtitle from a marker.,ഒരു മാർക്കറിൽ നിന്ന് സർടൈറ്റിൽ ചേർക്കാൻ കഴിയില്ല.,,
Sopratitoli,error.deleteMarker,Questa azione non elimina i marcatori.,This action does not delete markers.,ഈ പ്രവർത്തനം മാർക്കറുകൾ ഇല്ലാതാക്കില്ല.,,
Sopratitoli,error.lastCue,Deve rimanere almeno un sopratitolo.,At least one surtitle must remain.,കുറഞ്ഞത് ഒരു സർടൈറ്റിലെങ്കിലും ഉണ്ടായിരിക്കണം.,,
Sopratitoli,error.mergeMarker,Non puoi unire un sopratitolo con un marcatore.,You cannot merge a surtitle with a marker.,ഒരു സർടൈറ്റിലിനെ മാർക്കറുമായി ലയിപ്പിക്കാൻ കഴിയില്ല.,,
Sopratitoli,error.splitMarker,Non puoi dividere un marcatore.,You cannot split a marker.,ഒരു മാർക്കർ വിഭജിക്കാൻ കഴിയില്ല.,,
Sopratitoli,error.invalidChoice,Scelta non valida per le altre lingue.,Invalid choice for the other languages.,മറ്റ് ഭാഷകൾക്കുള്ള തിരഞ്ഞെടുപ്പ് സാധുവല്ല.,,
Sopratitoli,error.cursor,Metti il cursore nel punto in cui vuoi dividere il sopratitolo.,Place the cursor where you want to split the surtitle.,സർടൈറ്റിൽ വിഭജിക്കേണ്ട സ്ഥലത്ത് കഴ്സർ വയ്ക്കുക.,,
Lingue,langs.title,Lingue del progetto,Project languages,പ്രോജക്റ്റ് ഭാഷകൾ,,
Lingue,langs.intro,Le lingue in cui sono scritte le battute. La principale è il riferimento del copione.,The languages the cues are written in. The primary one is the reference for the script.,ക്യൂകൾ എഴുതിയിരിക്കുന്ന ഭാഷകൾ. പ്രധാന ഭാഷയാണ് സ്ക്രിപ്റ്റിന്റെ അടിസ്ഥാനം.,,
Lingue,langs.close,Chiudi,Close,അടയ്ക്കുക,,
Lingue,langs.close.title,Chiudi (Esc),Close (Esc),അടയ്ക്കുക (Esc),,
Lingue,langs.name.aria,Nome della lingua {code},Name of language {code},{code} ഭാഷയുടെ പേര്,,
Lingue,langs.count.title,{filled} battute su {total} tradotte,{filled} of {total} cues translated,{total}-ൽ {filled} ക്യൂകൾ വിവർത്തനം ചെയ്തു,,
Lingue,langs.primary,Principale,Primary,പ്രധാനം,,
Lingue,langs.primary.title,Lingua principale,Primary language,പ്രധാന ഭാഷ,,
Lingue,langs.makePrimary,Rendi principale,Make primary,പ്രധാനമാക്കുക,,
Lingue,langs.makePrimary.title,Imposta come lingua principale,Set as primary language,പ്രധാന ഭാഷയായി സജ്ജമാക്കുക,,
Lingue,langs.delete.aria,Elimina {language},Delete {language},{language} ഇല്ലാതാക്കുക,,
Lingue,langs.delete.title,Elimina lingua,Delete language,ഭാഷ ഇല്ലാതാക്കുക,,
Lingue,langs.delete.last,Deve restare almeno una lingua,At least one language must remain,കുറഞ്ഞത് ഒരു ഭാഷയെങ്കിലും ഉണ്ടായിരിക്കണം,,
Lingue,langs.delete.message,Vuoi eliminare {language} da «{project}»? Anche i testi in questa lingua verranno rimossi.,Delete {language} from “{project}”? The texts in this language will be removed too.,“{project}”-ൽ നിന്ന് {language} ഇല്ലാതാക്കണോ? ഈ ഭാഷയിലെ വാചകങ്ങളും നീക്കം ചെയ്യപ്പെടും.,,
Lingue,langs.thisProject,questo progetto,this project,ഈ പ്രോജക്റ്റ്,,
Lingue,langs.add,Aggiungi lingua,Add language,ഭാഷ ചേർക്കുക,,
Lingue,langs.add.button,Aggiungi,Add,ചേർക്കുക,,
Lingue,langs.code.placeholder,"Codice, es. ja","Code, e.g. ja","കോഡ്, ഉദാ. ja",,
Lingue,langs.code.aria,Codice della nuova lingua,Code of the new language,പുതിയ ഭാഷയുടെ കോഡ്,,
Lingue,langs.newName.placeholder,"Nome, es. 日本語","Name, e.g. 日本語","പേര്, ഉദാ. 日本語",,
Lingue,langs.newName.aria,Nome della nuova lingua,Name of the new language,പുതിയ ഭാഷയുടെ പേര്,,
Lingue,langs.copy,Nella nuova lingua copia i testi di {language} come base da tradurre,Copy the {language} texts into the new language as a basis for translation,വിവർത്തനത്തിന് അടിസ്ഥാനമായി {language} വാചകങ്ങൾ പുതിയ ഭാഷയിലേക്ക് പകർത്തുക,,
Lingue,langs.done,Fatto,Done,പൂർത്തിയായി,,
Barra laterale,nav.aria,Navigazione principale,Main navigation,പ്രധാന നാവിഗേഷൻ,,
Barra laterale,nav.projects,Progetti,Projects,പ്രോജക്റ്റുകൾ,,
Barra laterale,nav.cues,Sopratitoli,Surtitles,സർടൈറ്റിലുകൾ,,
Barra laterale,nav.screens,Schermi,Screens,സ്ക്രീനുകൾ,,
Barra laterale,nav.settings,Impostazioni,Settings,ക്രമീകരണങ്ങൾ,,
Barra laterale,nav.project.aria,Informazioni progetto,Project information,പ്രോജക്റ്റ് വിവരങ്ങൾ,,
Barra laterale,nav.untitled,Senza titolo,Untitled,പേരില്ലാത്തത്,,
Barra laterale,nav.saved,salvato localmente,saved locally,ഈ കമ്പ്യൂട്ടറിൽ സേവ് ചെയ്തു,,
Barra laterale,nav.unsaved,modifiche non salvate,unsaved changes,സേവ് ചെയ്യാത്ത മാറ്റങ്ങൾ,,
Barra laterale,nav.cueCount.one,{count} sopratitolo,{count} surtitle,{count} സർടൈറ്റിൽ,,
Barra laterale,nav.cueCount.other,{count} sopratitoli,{count} surtitles,{count} സർടൈറ്റിലുകൾ,,
Barra laterale,nav.expand,Espandi barra laterale,Expand sidebar,സൈഡ്ബാർ വികസിപ്പിക്കുക,,
Barra laterale,nav.collapse,Comprimi barra laterale,Collapse sidebar,സൈഡ്ബാർ ചുരുക്കുക,,
Barra laterale,nav.version.aria,Versione applicazione,App version,ആപ്പ് പതിപ്പ്,,
Barra laterale,nav.version,versione {version},version {version},പതിപ്പ് {version},,
Barra laterale,nav.right.expand,Espandi barra destra,Expand right sidebar,വലത് സൈഡ്ബാർ വികസിപ്പിക്കുക,,
Barra laterale,nav.right.collapse,Comprimi barra destra,Collapse right sidebar,വലത് സൈഡ്ബാർ ചുരുക്കുക,,
Progetti,projects.title,Progetti,Projects,പ്രോജക്റ്റുകൾ,,
Progetti,projects.subtitle,I tuoi spettacoli,Your shows,നിങ്ങളുടെ ഷോകൾ,,
Progetti,projects.new,Nuovo,New,പുതിയത്,,
Progetti,projects.import,Importa,Import,ഇമ്പോർട്ട്,,
Progetti,projects.save,Salva,Save,സേവ് ചെയ്യുക,,
Progetti,projects.saveAs,Salva con nome…,Save as…,മറ്റൊരു പേരിൽ സേവ് ചെയ്യുക…,,
Progetti,projects.search,Cerca progetti…,Search projects…,പ്രോജക്റ്റുകൾ തിരയുക…,,
Progetti,projects.view.aria,Visualizzazione progetti,Project view,പ്രോജക്റ്റ് കാഴ്ച,,
Progetti,projects.view.grid,Vista griglia,Grid view,ഗ്രിഡ് കാഴ്ച,,
Progetti,projects.view.list,Vista lista,List view,പട്ടിക കാഴ്ച,,
Progetti,projects.empty,Nessuno spettacolo trovato.,No shows found.,ഷോകളൊന്നും കണ്ടെത്തിയില്ല.,,
Progetti,projects.count.one,{count} progetto,{count} project,{count} പ്രോജക്റ്റ്,,
Progetti,projects.count.other,{count} progetti,{count} projects,{count} പ്രോജക്റ്റുകൾ,,
Progetti,projects.liveShow,Spettacolo dal vivo,Live show,തത്സമയ അവതരണം,,
Progetti,projects.untitled,Senza titolo,Untitled,പേരില്ലാത്തത്,,
Progetti,projects.modified,Modificato {date},Modified {date},മാറ്റം വരുത്തിയത് {date},,
Progetti,projects.languageCount.one,{count} lingua,{count} language,{count} ഭാഷ,,
Progetti,projects.languageCount.other,{count} lingue,{count} languages,{count} ഭാഷകൾ,,
Progetti,projects.current,aperto,open,തുറന്നിരിക്കുന്നു,,
Progetti,projects.details.title,Dettagli progetto,Project details,പ്രോജക്റ്റ് വിവരങ്ങൾ,,
Progetti,projects.details.lastModified,Ultima modifica,Last modified,അവസാന മാറ്റം,,
Progetti,projects.details.cues,Battute,Cues,ക്യൂകൾ,,
Progetti,projects.details.languages,Lingue,Languages,ഭാഷകൾ,,
Progetti,projects.details.manageLanguages,Gestisci,Manage,കൈകാര്യം ചെയ്യുക,,
Progetti,projects.details.author,Autore/Autrice,Author,രചയിതാവ്,,
Progetti,projects.details.version,Versione progetto,Project version,പ്രോജക്റ്റ് പതിപ്പ്,,
Progetti,projects.open,Apri progetto,Open project,പ്രോജക്റ്റ് തുറക്കുക,,
Progetti,projects.editDetails,Modifica dettagli,Edit details,വിവരങ്ങൾ തിരുത്തുക,,
Progetti,projects.actions.aria,Azioni progetto: {title},Project actions: {title},പ്രോജക്റ്റ് പ്രവർത്തനങ്ങൾ: {title},,
Progetti,projects.actions.eyebrow,Azioni progetto,Project actions,പ്രോജക്റ്റ് പ്രവർത്തനങ്ങൾ,,
Progetti,projects.actions.close,Chiudi,Close,അടയ്ക്കുക,,
Progetti,projects.actions.details,Dettagli,Details,വിവരങ്ങൾ,,
Progetti,projects.actions.detailsHelp,Modifica titolo e metadati.,Edit title and metadata.,പേരും മറ്റ് വിവരങ്ങളും തിരുത്തുക.,,
Progetti,projects.actions.image,Cambia immagine,Change image,ചിത്രം മാറ്റുക,,
Progetti,projects.actions.imageHelp,Scegli una nuova anteprima dello spettacolo.,Choose a new preview image for the show.,ഷോയ്ക്ക് പുതിയൊരു പ്രിവ്യൂ ചിത്രം തിരഞ്ഞെടുക്കുക.,,
Progetti,projects.actions.export,Esporta,Export,എക്സ്പോർട്ട്,,
Progetti,projects.actions.exportHelp,Prepara una copia del progetto.,Prepare a copy of the project.,പ്രോജക്റ്റിന്റെ ഒരു പകർപ്പ് തയ്യാറാക്കുക.,,
Progetti,projects.actions.duplicate,Duplica,Duplicate,പകർപ്പെടുക്കുക,,
Progetti,projects.actions.duplicateHelp,Crea una copia modificabile.,Create an editable copy.,തിരുത്താവുന്ന ഒരു പകർപ്പ് ഉണ്ടാക്കുക.,,
Progetti,projects.actions.languages,Lingue,Languages,ഭാഷകൾ,,
Progetti,projects.actions.languagesHelp,"Aggiungi, rinomina o elimina le lingue.","Add, rename or delete languages.","ഭാഷകൾ ചേർക്കുക, പേര് മാറ്റുക അല്ലെങ്കിൽ ഇല്ലാതാക്കുക.",,
Progetti,projects.actions.delete,Elimina,Delete,ഇല്ലാതാക്കുക,,
Progetti,projects.actions.deleteHelp,Rimuovi il progetto da Sténtor.,Remove the project from Sténtor.,Sténtor-ൽ നിന്ന് പ്രോജക്റ്റ് നീക്കം ചെയ്യുക.,,
Progetti,projects.dialog.new.title,Nuovo progetto,New project,പുതിയ പ്രോജക്റ്റ്,,
Progetti,projects.dialog.new.message,Scegli un titolo per il nuovo progetto.,Choose a title for the new project.,പുതിയ പ്രോജക്റ്റിന് ഒരു പേര് തിരഞ്ഞെടുക്കുക.,,
Progetti,projects.dialog.new.label,Titolo progetto,Project title,പ്രോജക്റ്റിന്റെ പേര്,,
Progetti,projects.dialog.new.default,Nuovo progetto,New project,പുതിയ പ്രോജക്റ്റ്,,
Progetti,projects.dialog.new.confirm,Crea,Create,ഉണ്ടാക്കുക,,
Progetti,projects.dialog.notFound.title,Progetto non trovato,Project not found,പ്രോജക്റ്റ് കണ്ടെത്തിയില്ല,,
Progetti,projects.dialog.notFound.message,Non riesco a trovare questo spettacolo nella libreria locale.,This show could not be found in the local library.,ഈ ഷോ ഈ കമ്പ്യൂട്ടറിലെ ലൈബ്രറിയിൽ കണ്ടെത്താനായില്ല.,,
Progetti,projects.dialog.details.title,Dettagli,Details,വിവരങ്ങൾ,,
Progetti,projects.dialog.details.message,Modifica i metadati principali.,Edit the main metadata.,പ്രധാന വിവരങ്ങൾ തിരുത്തുക.,,
Progetti,projects.dialog.details.titleField,Titolo,Title,പേര്,,
Progetti,projects.dialog.details.company,Compagnia / collettivo,Company / collective,നാടക സംഘം / കൂട്ടായ്മ,,
Progetti,projects.dialog.details.author,Autore/Autrice,Author,രചയിതാവ്,,
Progetti,projects.dialog.image.title,Immagine non importata,Image not imported,ചിത്രം ഇമ്പോർട്ട് ചെയ്തില്ല,,
Progetti,projects.dialog.image.message,Non riesco a leggere questa immagine.,This image could not be read.,ഈ ചിത്രം വായിക്കാൻ കഴിഞ്ഞില്ല.,,
Progetti,projects.dialog.image.format,"Formato immagine non valido. Usa JPG, PNG o WebP.","Unsupported image format. Use JPG, PNG or WebP.","ഈ ചിത്ര ഫോർമാറ്റ് പിന്തുണയ്ക്കുന്നില്ല. JPG, PNG അല്ലെങ്കിൽ WebP ഉപയോഗിക്കുക.",,
Progetti,projects.dialog.archive.title,Archivia spettacolo,Archive show,ഷോ ആർക്കൈവ് ചെയ്യുക,,
Progetti,projects.dialog.archive.message,Vuoi archiviare “{title}”? Non comparirà più nell’elenco principale.,Archive “{title}”? It will no longer appear in the main list.,“{title}” ആർക്കൈവ് ചെയ്യണോ? ഇത് ഇനി പ്രധാന പട്ടികയിൽ കാണില്ല.,,
Progetti,projects.dialog.archive.confirm,Archivia,Archive,ആർക്കൈവ് ചെയ്യുക,,
Progetti,projects.dialog.delete.title,Elimina spettacolo,Delete show,ഷോ ഇല്ലാതാക്കുക,,
Progetti,projects.dialog.delete.message,Vuoi eliminare definitivamente “{title}”?,Permanently delete “{title}”?,“{title}” സ്ഥിരമായി ഇല്ലാതാക്കണോ?,,
Progetti,projects.dialog.thisShow,questo spettacolo,this show,ഈ ഷോ,,
Progetti,projects.dialog.import.title,Importa spettacolo,Import show,ഷോ ഇമ്പോർട്ട് ചെയ്യുക,,
Progetti,projects.dialog.import.message,Ci sono modifiche non salvate. Vuoi importare un altro spettacolo e renderlo attivo?,There are unsaved changes. Import another show and make it active?,സേവ് ചെയ്യാത്ത മാറ്റങ്ങളുണ്ട്. മറ്റൊരു ഷോ ഇമ്പോർട്ട് ചെയ്ത് അത് സജീവമാക്കണോ?,,
Progetti,projects.dialog.import.confirm,Importa,Import,ഇമ്പോർട്ട് ചെയ്യുക,,
Progetti,projects.dialog.importFailed.title,Importazione non riuscita,Import failed,ഇമ്പോർട്ട് പരാജയപ്പെട്ടു,,
Progetti,projects.dialog.importFailed.word,Non sono riuscito a leggere il copione Word. Verifica che sia un file .docx e riprova.,The Word script could not be read. Check that it is a .docx file and try again.,Word സ്ക്രിപ്റ്റ് വായിക്കാൻ കഴിഞ്ഞില്ല. ഇതൊരു .docx ഫയലാണെന്ന് ഉറപ്പാക്കി വീണ്ടും ശ്രമിക്കുക.,,
Progetti,projects.dialog.importFailed.project,Il file selezionato non sembra essere uno spettacolo Sténtor valido.,The selected file does not look like a valid Sténtor show.,തിരഞ്ഞെടുത്ത ഫയൽ സാധുവായ ഒരു Sténtor ഷോ ആണെന്ന് തോന്നുന്നില്ല.,,
Progetti,projects.dialog.importFailed.generic,Controlla il file e riprova.,Check the file and try again.,ഫയൽ പരിശോധിച്ച് വീണ്ടും ശ്രമിക്കുക.,,
Progetti,projects.dialog.save.title,Salva progetto,Save project,പ്രോജക്റ്റ് സേവ് ചെയ്യുക,,
Progetti,projects.dialog.saveAs.title,Salva con nome,Save as,മറ്റൊരു പേരിൽ സേവ് ചെയ്യുക,,
Progetti,projects.dialog.save.message,Scegli il nome del file progetto da scaricare.,Choose the name of the project file to download.,ഡൗൺലോഡ് ചെയ്യേണ്ട പ്രോജക്റ്റ് ഫയലിന്റെ പേര് തിരഞ്ഞെടുക്കുക.,,
Progetti,projects.dialog.save.label,Nome file,File name,ഫയലിന്റെ പേര്,,
Progetti,projects.dialog.saveFailed.title,Salvataggio non riuscito,Save failed,സേവ് ചെയ്യാൻ കഴിഞ്ഞില്ല,,
Progetti,projects.dialog.saveFailed.message,Non sono riuscito a salvare il progetto. Puoi provare con “Salva con nome”.,The project could not be saved. You can try “Save as”.,പ്രോജക്റ്റ് സേവ് ചെയ്യാൻ കഴിഞ്ഞില്ല. “മറ്റൊരു പേരിൽ സേവ് ചെയ്യുക” ശ്രമിക്കാം.,,
Progetti,projects.dialog.recovery.title,Versione non trovata,Version not found,പതിപ്പ് കണ്ടെത്തിയില്ല,,
Progetti,projects.dialog.recovery.message,La versione automatica selezionata non è più disponibile.,The selected automatic version is no longer available.,തിരഞ്ഞെടുത്ത ഓട്ടോമാറ്റിക് പതിപ്പ് ഇപ്പോൾ ലഭ്യമല്ല.,,
Progetti,projects.newShow,Nuovo spettacolo,New show,പുതിയ ഷോ,,
Progetti,dialog.language.code,Codice lingua,Language code,ഭാഷാ കോഡ്,,
Progetti,dialog.language.name,Nome lingua,Language name,ഭാഷയുടെ പേര്,,
Progetti,dialog.language.copy,Copia nella nuova lingua il testo già presente nella lingua attiva,Copy the text of the active language into the new language,സജീവ ഭാഷയിലെ വാചകം പുതിയ ഭാഷയിലേക്ക് പകർത്തുക,,
Progetti,app.about.message,"Sténtor Desktop {version}
Sopratitoli per spettacolo dal vivo.","Sténtor Desktop {version}
Surtitles for live performance.","Sténtor Desktop {version}
തത്സമയ അവതരണങ്ങൾക്കുള്ള സർടൈറ്റിലുകൾ.",,
Progetti,app.shortcuts.title,Scorciatoie da tastiera,Keyboard shortcuts,കീബോർഡ് കുറുക്കുവഴികൾ,,
Progetti,app.shortcuts.message,"Le scorciatoie si vedono e si cambiano nella card “Scorciatoie”, a destra nella pagina Sopratitoli.","You can see and change the shortcuts in the “Shortcuts” card, on the right of the Surtitles page.",സർടൈറ്റിലുകൾ എന്ന പേജിന്റെ വലതുവശത്തുള്ള “കുറുക്കുവഴികൾ” കാർഡിൽ കുറുക്കുവഴികൾ കാണാനും മാറ്റാനും കഴിയും.,,
Schermi,screens.aria,Schermi Sténtor Lite,Sténtor Lite screens,Sténtor Lite സ്ക്രീനുകൾ,,
Schermi,screens.toolbar.aria,Controlli Schermi,Screen controls,സ്ക്രീൻ നിയന്ത്രണങ്ങൾ,,
Schermi,screens.eyebrow,Schermi,Screens,സ്ക്രീനുകൾ,,
Schermi,screens.add,+ Aggiungi schermo,+ Add screen,+ സ്ക്രീൻ ചേർക്കുക,,
Schermi,screens.open,Apri schermo,Open screen,സ്ക്രീൻ തുറക്കുക,,
Schermi,screens.fullscreen,Schermo intero,Fullscreen,പൂർണ്ണ സ്ക്രീൻ,,
Schermi,screens.blackout,Buio,Blackout,ബ്ലാക്കൗട്ട്,,
Schermi,screens.showText,Mostra testo,Show text,വാചകം കാണിക്കുക,,
Schermi,screens.list.aria,Schermi configurati,Configured screens,ക്രമീകരിച്ച സ്ക്രീനുകൾ,,
Schermi,screens.preview,Anteprima,Preview,പ്രിവ്യൂ,,
Schermi,screens.inspector.aria,Impostazioni schermo,Screen settings,സ്ക്രീൻ ക്രമീകരണങ്ങൾ,,
Schermi,screens.inspector.title,Impostazioni,Settings,ക്രമീകരണങ്ങൾ,,
Schermi,screens.section.screen,Schermo,Screen,സ്ക്രീൻ,,
Schermi,screens.field.name,Nome,Name,പേര്,,
Schermi,screens.field.language,Lingua,Language,ഭാഷ,,
Schermi,screens.field.followActive,Segue lingua attiva,Follows the active language,സജീവ ഭാഷ പിന്തുടരുന്നു,,
Schermi,screens.field.format,Formato,Format,ഫോർമാറ്റ്,,
Schermi,screens.section.look,Aspetto,Appearance,രൂപം,,
Schermi,screens.field.font,Carattere,Font,ഫോണ്ട്,,
Schermi,screens.field.size,Dimensione,Size,വലുപ്പം,,
Schermi,screens.field.width,Larghezza,Width,വീതി,,
Schermi,screens.field.position,Posizione,Position,സ്ഥാനം,,
Schermi,screens.position.top,Alto,Top,മുകളിൽ,,
Schermi,screens.position.center,Centro,Centre,മധ്യത്തിൽ,,
Schermi,screens.position.bottom,Basso,Bottom,താഴെ,,
Schermi,screens.field.text,Testo,Text,വാചകം,,
Schermi,screens.field.background,Sfondo,Background,പശ്ചാത്തലം,,
Schermi,screens.resetStyle,Ripristina stile,Reset style,ശൈലി പുനഃസ്ഥാപിക്കുക,,
Schermi,screens.delete,Elimina schermo,Delete screen,സ്ക്രീൻ ഇല്ലാതാക്കുക,,
Schermi,screens.status.blackout,Buio,Blackout,ബ്ലാക്കൗട്ട്,,
Schermi,screens.status.live,Live,Live,ലൈവ്,,
Schermi,screens.status.standby,Standby,Standby,സ്റ്റാൻഡ്ബൈ,,
Schermi,screens.status.active,Attivo,Active,സജീവം,,
Schermi,screens.aspect.16:9,16:9 panoramico,16:9 widescreen,16:9 വൈഡ്സ്ക്രീൻ,,
Schermi,screens.aspect.4:3,4:3 classico,4:3 classic,4:3 ക്ലാസിക്,,
Schermi,screens.aspect.free,Libero,Free,സ്വതന്ത്രം,,
Schermi,screens.font.system,Sistema sans,System sans,സിസ്റ്റം സാൻസ്,,
Schermi,screens.previewText.foyer,"Inquadra il QR code per seguire sopratitoli, traduzioni e audiodescrizione.","Scan the QR code to follow surtitles, translations and audio description.","സർടൈറ്റിലുകൾ, വിവർത്തനങ്ങൾ, ഓഡിയോ വിവരണം എന്നിവ പിന്തുടരാൻ QR കോഡ് സ്കാൻ ചെയ്യുക.",,
Schermi,screens.previewText.audioInfo,Audiodescrizione disponibile sul tuo smartphone.,Audio description available on your smartphone.,ഓഡിയോ വിവരണം നിങ്ങളുടെ സ്മാർട്ട്ഫോണിൽ ലഭ്യമാണ്.,,
Schermi,screens.previewText.empty,Schermo pulito,Empty screen,ശൂന്യമായ സ്ക്രീൻ,,
Schermi,screens.dialog.new.title,Nuovo schermo,New screen,പുതിയ സ്ക്രീൻ,,
Schermi,screens.dialog.new.message,Dai un nome al nuovo schermo.,Give the new screen a name.,പുതിയ സ്ക്രീനിന് ഒരു പേര് നൽകുക.,,
Schermi,screens.dialog.new.label,Nome schermo,Screen name,സ്ക്രീനിന്റെ പേര്,,
Schermi,screens.dialog.new.default,Nuovo schermo,New screen,പുതിയ സ്ക്രീൻ,,
Schermi,screens.dialog.new.confirm,Crea,Create,ഉണ്ടാക്കുക,,
Schermi,screens.dialog.delete.title,Elimina schermo,Delete screen,സ്ക്രീൻ ഇല്ലാതാക്കുക,,
Schermi,screens.dialog.delete.message,Eliminare lo schermo “{name}”?,Delete the screen “{name}”?,“{name}” എന്ന സ്ക്രീൻ ഇല്ലാതാക്കണോ?,,
Schermi,screens.dialog.blocked.title,Schermo di proiezione non aperto,Projection screen not opened,പ്രൊജക്ഷൻ സ്ക്രീൻ തുറന്നില്ല,,
Schermi,screens.dialog.blocked.message,Il programma non è riuscito ad aprire lo schermo di proiezione. Consenti le finestre a comparsa per Sténtor e riprova.,The projection screen could not be opened. Allow pop-up windows for Sténtor and try again.,പ്രൊജക്ഷൻ സ്ക്രീൻ തുറക്കാൻ കഴിഞ്ഞില്ല. Sténtor-ന് പോപ്പ്-അപ്പ് വിൻഡോകൾ അനുവദിച്ച് വീണ്ടും ശ്രമിക്കുക.,,
Impostazioni,settings.title,Impostazioni,Settings,ക്രമീകരണങ്ങൾ,,
Impostazioni,settings.subtitle,Lingua dell’interfaccia e informazioni sull’applicazione.,Interface language and app information.,ഇന്റർഫേസ് ഭാഷയും ആപ്പിനെക്കുറിച്ചുള്ള വിവരങ്ങളും.,,
Impostazioni,settings.interface,Interfaccia,Interface,ഇന്റർഫേസ്,,
Impostazioni,settings.appLanguage,Lingua interfaccia,Interface language,ഇന്റർഫേസ് ഭാഷ,,
Impostazioni,settings.appLanguageHelp,Cambia la lingua dei comandi e dell’interfaccia dell’applicazione. Le lingue del copione e degli schermi restano separate.,Changes the language of the app’s commands and interface. Script and screen languages stay separate.,ആപ്പിന്റെ കമാൻഡുകളുടെയും ഇന്റർഫേസിന്റെയും ഭാഷ മാറ്റുന്നു. സ്ക്രിപ്റ്റിന്റെയും സ്ക്രീനുകളുടെയും ഭാഷകൾ വേറെയായി നിലനിൽക്കും.,,
Impostazioni,settings.about,Informazioni,About,വിവരങ്ങൾ,,
Impostazioni,settings.version,Versione,Version,പതിപ്പ്,,
Impostazioni,settings.language.close,Chiudi,Close,അടയ്ക്കുക,,
Impostazioni,settings.language.eyebrow,Lingua interfaccia,Interface language,ഇന്റർഫേസ് ഭാഷ,,
Impostazioni,settings.language.title,Scegli la lingua di Sténtor,Choose Sténtor’s language,Sténtor-ന്റെ ഭാഷ തിരഞ്ഞെടുക്കുക,,
Impostazioni,settings.language.help,"Modifica comandi, menu e impostazioni. Le lingue del copione restano separate.","Changes commands, menus and settings. Script languages stay separate.","കമാൻഡുകൾ, മെനുകൾ, ക്രമീകരണങ്ങൾ എന്നിവ മാറ്റുന്നു. സ്ക്രിപ്റ്റിന്റെ ഭാഷകൾ വേറെയായി നിലനിൽക്കും.",,
Impostazioni,settings.language.current,Attuale: {name},Current: {name},നിലവിലുള്ളത്: {name},,
Impostazioni,settings.language.chosen,Scelta: {name},Selected: {name},തിരഞ്ഞെടുത്തത്: {name},,
Impostazioni,settings.language.cancel,Annulla,Cancel,റദ്ദാക്കുക,,
Impostazioni,settings.language.confirm,Scegli lingua,Choose language,ഭാഷ തിരഞ്ഞെടുക്കുക,,
Voci (voiceMessages.js),voice,Voce,Voice,കഥാപാത്രം,,
Voci (voiceMessages.js),noVoice,Nessuna voce,No voice,കഥാപാത്രമില്ല,,
Voci (voiceMessages.js),suggestions,Voci già usate,Voices already used,ഇതിനകം ഉപയോഗിച്ച കഥാപാത്രങ്ങൾ,,
Voci (voiceMessages.js),renameTitle,Modifica voce,Change voice,കഥാപാത്രം മാറ്റുക,,
Voci (voiceMessages.js),removeTitle,Rimuovi voce,Remove voice,കഥാപാത്രം നീക്കുക,,
Voci (voiceMessages.js),changeQuestion,Vuoi cambiare la voce solo in questa battuta o in tutte le {count} battute con «{voice}»?,Change the voice for this cue only or for all {count} cues with “{voice}”?,"ഈ ക്യൂവിൽ മാത്രമാണോ, അതോ «{voice}» ഉള്ള എല്ലാ {count} ക്യൂകളിലും കഥാപാത്രം മാറ്റണോ?",,
Voci (voiceMessages.js),removeQuestion,Vuoi rimuovere la voce solo da questa battuta o da tutte le {count} battute con «{voice}»?,Remove the voice from this cue only or from all {count} cues with “{voice}”?,"ഈ ക്യൂവിൽ നിന്ന് മാത്രമാണോ, അതോ «{voice}» ഉള്ള എല്ലാ {count} ക്യൂകളിൽ നിന്നും കഥാപാത്രം നീക്കണോ?",,
Voci (voiceMessages.js),onlyThis,Solo questa battuta,This cue only,ഈ ക്യൂ മാത്രം,,
Voci (voiceMessages.js),allCues,Tutte le {count} battute,All {count} cues,എല്ലാ {count} ക്യൂകളും,,
Voci (voiceMessages.js),cancel,Annulla,Cancel,റദ്ദാക്കുക,,
Voci (voiceMessages.js),missingCheck,Voci non assegnate,Unassigned voices,കഥാപാത്രം നൽകാത്തവ,,
Voci (voiceMessages.js),missingInfo,Voce non assegnata.,No voice assigned.,കഥാപാത്രം നൽകിയിട്ടില്ല.,,
Voci (voiceMessages.js),importTitle,Copione Word importato,Word script imported,Word സ്ക്രിപ്റ്റ് ഇമ്പോർട്ട് ചെയ്തു,,
Voci (voiceMessages.js),project,Progetto,Project,പ്രോജക്റ്റ്,,
Voci (voiceMessages.js),elements,Elementi creati,Items created,ഉണ്ടാക്കിയ ഇനങ്ങൾ,,
Voci (voiceMessages.js),dialogue,Battute riconosciute,Recognized cues,തിരിച്ചറിഞ്ഞ ക്യൂകൾ,,
Voci (voiceMessages.js),directions,Didascalie,Stage directions,രംഗനിർദ്ദേശങ്ങൾ,,
Voci (voiceMessages.js),unassigned,Testi senza voce,Texts without a voice,കഥാപാത്രമില്ലാത്ത വാചകങ്ങൾ,,
Voci (voiceMessages.js),recognized,Voci riconosciute,Recognized voices,തിരിച്ചറിഞ്ഞ കഥാപാത്രങ്ങൾ,,
Voci (voiceMessages.js),firstVoices,Prime voci,First voices,ആദ്യ കഥാപാത്രങ്ങൾ,,
