chiave,italiano,english,el,tr
card.expand,Espandi {name},Expand {name},Ανάπτυξη {name},Genişlet: {name}
card.collapse,Riduci {name},Collapse {name},Σύμπτυξη {name},Daralt: {name}
card.expandShort,Espandi,Expand,Ανάπτυξη,Genişlet
card.collapseShort,Riduci,Collapse,Σύμπτυξη,Daralt
common.cancel,Annulla,Cancel,Άκυρο,İptal
common.save,Salva,Save,Αποθήκευση,Kaydet
common.delete,Elimina,Delete,Διαγραφή,Sil
common.insert,Inserisci,Insert,Εισαγωγή,Ekle
common.edit,Modifica,Edit,Επεξεργασία,Düzenle
common.other,Altro,Other,Άλλο,Diğer
common.notPossible,Operazione non possibile,Not possible,Η ενέργεια δεν είναι δυνατή,İşlem yapılamıyor
common.undoHint,Puoi annullare con Command/Ctrl+Z.,You can undo with Command/Ctrl+Z.,Μπορείτε να κάνετε αναίρεση με Command/Ctrl+Z.,Command/Ctrl+Z ile geri alabilirsiniz.
count.cues.one,{count} battuta,{count} cue,{count} ατάκα,{count} replik
count.cues.other,{count} battute,{count} cues,{count} ατάκες,{count} replik
count.lines.one,{count} riga,{count} line,{count} γραμμή,{count} satır
count.lines.other,{count} righe,{count} lines,{count} γραμμές,{count} satır
marker.type.act,Atto,Act,Πράξη,Perde
marker.type.scene,Scena,Scene,Σκηνή,Sahne
marker.type.picture,Quadro,Tableau,Εικόνα,Tablo
marker.type.interval,Intervallo,Interval,Διάλειμμα,Ara
marker.type.other,Altro,Other,Άλλο,Diğer
marker.default,Marcatore,Marker,Δείκτης,İşaret
preview.exit,Esci,Exit,Έξοδος,Çık
crash.title,Sténtor ha incontrato un problema di visualizzazione.,Sténtor ran into a display problem.,Το Sténtor αντιμετώπισε πρόβλημα εμφάνισης.,Sténtor bir görüntüleme sorunuyla karşılaştı.
crash.message,Il progetto non è stato cancellato. Torna alla prima battuta o ricarica la pagina.,Your project has not been deleted. Go back to the first cue or reload the page.,Το έργο δεν διαγράφηκε. Επιστρέψτε στην πρώτη ατάκα ή φορτώστε ξανά τη σελίδα.,Projeniz silinmedi. İlk repliğe dönün veya sayfayı yeniden yükleyin.
crash.firstCue,Torna alla prima battuta,Back to the first cue,Επιστροφή στην πρώτη ατάκα,İlk repliğe dön
crash.reload,Ricarica,Reload,Επαναφόρτωση,Yeniden yükle
crash.unknown,Errore sconosciuto,Unknown error,Άγνωστο σφάλμα,Bilinmeyen hata
map.title,Mappa,Map,Χάρτης,Harita
map.aria,Mappa dello spettacolo,Show map,Χάρτης της παράστασης,Gösteri haritası
map.hint,Clic: vai all’inizio della sezione,Click: go to the start of the section,Κλικ: μετάβαση στην αρχή της ενότητας,Bölümün başına gitmek için tıklayın
map.subtitle,Indice dello spettacolo,Show outline,Ευρετήριο της παράστασης,Gösteri dizini
map.add.title,Inserisci un marcatore prima della battuta selezionata,Insert a marker before the selected cue,Εισαγωγή δείκτη πριν από την επιλεγμένη ατάκα,Seçili replikten önce bir işaret ekle
map.add.aria,Inserisci marcatore,Insert marker,Εισαγωγή δείκτη,İşaret ekle
map.start,Inizio,Start,Αρχή,Başlangıç
map.range.none,nessuna battuta,no cues,καμία ατάκα,replik yok
map.range.single,battuta {number},cue {number},ατάκα {number},replik {number}
map.goTo,Vai a {title},Go to {title},Μετάβαση σε {title},Git: {title}
map.emptySection,{title}: nessuna battuta in questa sezione,{title}: no cues in this section,{title}: καμία ατάκα σε αυτή την ενότητα,{title}: bu bölümde replik yok
map.empty,Seleziona la battuta dove inizia un atto o una scena e premi <icon/> per inserire un marcatore.,Select the cue where an act or scene begins and press <icon/> to insert a marker.,Επιλέξτε την ατάκα όπου αρχίζει μια πράξη ή σκηνή και πατήστε <icon/> για να εισαγάγετε δείκτη.,Bir perdenin veya sahnenin başladığı repliği seçin ve işaret eklemek için <icon/> düğmesine basın.
time.title,Tempi,Timing,Χρόνοι,Süreler
time.dialog.clear.title,Azzera i tempi delle battute,Clear cue timings,Μηδενισμός χρόνων ατακών,Replik sürelerini sıfırla
time.dialog.clear.message,Vuoi cancellare i tempi registrati di tutte le battute? Le durate delle recite restano.,Delete the recorded timings of all cues? Performance durations are kept.,Να διαγραφούν οι καταγεγραμμένοι χρόνοι όλων των ατακών; Οι διάρκειες των παραστάσεων διατηρούνται.,Tüm repliklerin kaydedilmiş süreleri silinsin mi? Temsillerin toplam süreleri korunur.
time.dialog.clear.confirm,Azzera tempi,Clear timings,Μηδενισμός χρόνων,Süreleri sıfırla
time.dialog.reset.title,Azzera il cronometro,Reset the stopwatch,Μηδενισμός χρονομέτρου,Kronometreyi sıfırla
time.dialog.reset.message,Il tempo di questa recita verrà azzerato senza essere salvato.,The time of this performance will be reset without being saved.,Ο χρόνος αυτής της παράστασης θα μηδενιστεί χωρίς να αποθηκευτεί.,Bu temsilin süresi kaydedilmeden sıfırlanacak.
time.dialog.reset.confirm,Azzera,Reset,Μηδενισμός,Sıfırla
time.status.running,in corso,running,σε εξέλιξη,çalışıyor
time.status.paused,in pausa,paused,σε παύση,duraklatıldı
time.status.idle,fermo,stopped,σε αναμονή,durdu
time.pause,Pausa,Pause,Παύση,Duraklat
time.resume,Riprendi,Resume,Συνέχεια,Devam et
time.start,Avvia,Start,Έναρξη,Başlat
time.finish,Termina,Finish,Τέλος,Bitir
time.finish.title,Ferma e salva le durate di questa recita,Stop and save the durations of this performance,Διακοπή και αποθήκευση των διαρκειών αυτής της παράστασης,Durdur ve bu temsilin sürelerini kaydet
time.reset,Azzera senza salvare,Reset without saving,Μηδενισμός χωρίς αποθήκευση,Kaydetmeden sıfırla
time.cues.title,Tempi delle battute,Cue timings,Χρόνοι ατακών,Replik süreleri
time.cues.count,{timed} di {total},{timed} of {total},{timed} από {total},{timed} / {total}
time.mode.manual,Manuale,Manual,Χειροκίνητα,Elle
time.mode.record,Registra,Record,Εγγραφή,Kayıt
time.mode.play,Riproduci,Play,Αναπαραγωγή,Oynat
time.manual.text,Conduci tu con Avanti. I tempi registrati non vengono usati.,You run the show with Next. Recorded timings are not used.,Οδηγείτε εσείς την παράσταση με το «Επόμενη». Οι καταγεγραμμένοι χρόνοι δεν χρησιμοποιούνται.,Gösteriyi İleri ile siz yönetirsiniz. Kaydedilmiş süreler kullanılmaz.
time.record.step1,Porta in proiezione la prima battuta.,Project the first cue.,Προβάλετε την πρώτη ατάκα.,İlk repliği yansıtın.
time.record.step2,Premi <b>Avvia</b> quando entra in scena.,Press <b>Start</b> when it comes on stage.,Πατήστε <b>Έναρξη</b> όταν η ατάκα ακουστεί στη σκηνή.,Replik sahneye geldiğinde <b>Başlat</b>’a basın.
time.record.step3,Conduci con <b>Avanti</b>: ogni cambio viene registrato.,Run the show with <b>Next</b>: every change is recorded.,Οδηγήστε την παράσταση με το <b>Επόμενη</b>: κάθε αλλαγή καταγράφεται.,Gösteriyi <b>İleri</b> ile yönetin: her geçiş kaydedilir.
time.record.step4,Alla fine premi <b>Termina</b>.,At the end press <b>Finish</b>.,Στο τέλος πατήστε <b>Τέλος</b>.,Sonunda <b>Bitir</b>’e basın.
time.record.running,● Registrazione in corso: ogni Avanti salva il tempo della battuta che entra.,● Recording: every Next saves the time of the incoming cue.,● Εγγραφή σε εξέλιξη: κάθε «Επόμενη» αποθηκεύει τον χρόνο της ατάκας που μπαίνει.,"● Kayıt sürüyor: her İleri, gelen repliğin zamanını kaydeder."
time.record.paused,In pausa: i cambi di battuta non vengono registrati.,Paused: cue changes are not recorded.,Σε παύση: οι αλλαγές ατάκας δεν καταγράφονται.,Duraklatıldı: replik geçişleri kaydedilmiyor.
time.play.stop,Ferma,Stop,Διακοπή,Durdur
time.play.from,Riproduci da {number},Play from {number},Αναπαραγωγή από {number},{number}. replikten oynat
time.play.playing,Le battute avanzano da sole. Avanti e Indietro restano attivi: la riproduzione riparte dalla battuta scelta.,Cues advance on their own. Next and Back still work: playback restarts from the chosen cue.,Οι ατάκες προχωρούν αυτόματα. Τα «Επόμενη» και «Πίσω» λειτουργούν κανονικά: η αναπαραγωγή συνεχίζει από την ατάκα που επιλέξατε.,Replikler kendiliğinden ilerliyor. İleri ve Geri çalışmaya devam eder: oynatma seçilen replikten yeniden başlar.
time.play.ready,Le battute avanzeranno da sole seguendo i tempi registrati.,Cues will advance on their own following the recorded timings.,Οι ατάκες θα προχωρούν αυτόματα σύμφωνα με τους καταγεγραμμένους χρόνους.,Replikler kaydedilmiş sürelere göre kendiliğinden ilerleyecek.
time.play.noTime,Questa battuta non ha un tempo registrato: scegline una con il tempo per partire.,This cue has no recorded time: pick one with a time to start.,Αυτή η ατάκα δεν έχει καταγεγραμμένο χρόνο: επιλέξτε μία με χρόνο για να ξεκινήσετε.,Bu repliğin kaydedilmiş bir zamanı yok: başlamak için zamanı olan bir replik seçin.
time.play.none,Nessun tempo registrato: usa prima <b>Registra</b> durante una prova.,No timings recorded yet: first use <b>Record</b> during a rehearsal.,Δεν υπάρχουν καταγεγραμμένοι χρόνοι: χρησιμοποιήστε πρώτα την <b>Εγγραφή</b> σε μια πρόβα.,Kaydedilmiş süre yok: önce bir prova sırasında <b>Kayıt</b> modunu kullanın.
time.clear,Azzera tempi delle battute,Clear cue timings,Μηδενισμός χρόνων ατακών,Replik sürelerini sıfırla
time.last,Ultima recita · {date},Last performance · {date},Τελευταία παράσταση · {date},Son temsil · {date}
time.previous,Recite precedenti ({count}),Previous performances ({count}),Προηγούμενες παραστάσεις ({count}),Önceki temsiller ({count})
time.hint,Avvia all’inizio della recita. Con i marcatori della Mappa misura anche ogni atto; “Termina” salva le durate nel progetto.,Start at the beginning of the performance. With Map markers it also times each act; “Finish” saves the durations in the project.,Πατήστε «Έναρξη» στην αρχή της παράστασης. Με τους δείκτες του Χάρτη χρονομετρεί και κάθε πράξη· το «Τέλος» αποθηκεύει τις διάρκειες στο έργο.,Temsilin başında başlatın. Harita’daki işaretlerle her perdenin süresini de ölçer; “Bitir” süreleri projeye kaydeder.
tools.title,Strumenti,Tools,Εργαλεία,Araçlar
tools.tab.check,Verifica,Check,Έλεγχος,Denetim
tools.tab.clean,Pulizia,Clean up,Καθαρισμός,Temizlik
tools.cue,Battuta {number},Cue {number},Ατάκα {number},Replik {number}
tools.cue.info,{lines} · {chars} caratteri,{lines} · {chars} characters,{lines} · {chars} χαρακτήρες,{lines} · {chars} karakter
tools.cue.empty,vuota in {language},empty in {language},κενή στη γλώσσα {language},{language} dilinde boş
tools.noIssues,Nessun problema nel copione in {language}.,No issues in the {language} script.,Κανένα πρόβλημα στο κείμενο στη γλώσσα {language}.,{language} metninde sorun yok.
tools.issue.hint,{detail} {cues}: clic per andare alla prossima.,{detail} {cues}: click to go to the next one.,{detail} {cues}: κλικ για μετάβαση στην επόμενη.,{detail} {cues}: sonrakine gitmek için tıklayın.
tools.contrast.error,Colori dello schermo poco leggibili,Screen colours hard to read,Χρώματα οθόνης δυσανάγνωστα,Ekran renkleri zor okunuyor
tools.contrast.warning,Colori dello schermo appena sufficienti,Screen colours barely readable,Χρώματα οθόνης οριακά ευανάγνωστα,Ekran renkleri ancak okunuyor
tools.contrast.detail,testo e sfondo troppo simili · cambia i colori in Schermi,text and background too similar · change the colours in Screens,κείμενο και φόντο πολύ παρόμοια · αλλάξτε τα χρώματα στις Οθόνες,metin ve arka plan birbirine çok yakın · renkleri Ekranlar’dan değiştirin
tools.limit.title,Caratteri per riga,Characters per line,Χαρακτήρες ανά γραμμή,Satır başına karakter
tools.limit.custom,Numero di caratteri per riga,Number of characters per line,Αριθμός χαρακτήρων ανά γραμμή,Satır başına karakter sayısı
check.missing.title,Controllo testi mancanti,Missing text check,Έλεγχος κειμένων που λείπουν,Eksik metin denetimi
check.missing.single,senza testo in questa lingua,no text in this language,χωρίς κείμενο σε αυτή τη γλώσσα,bu dilde metin yok
check.missing.detail,Battute senza testo nella lingua di lavoro.,Cues with no text in the working language.,Ατάκες χωρίς κείμενο στη γλώσσα εργασίας.,Çalışma dilinde metni olmayan replikler.
check.lines.title,Controllo righe,Line count check,Έλεγχος γραμμών,Satır denetimi
check.lines.single,con più di due righe,more than two lines,με περισσότερες από δύο γραμμές,ikiden fazla satır
check.lines.detail,Battute con più di due righe.,Cues with more than two lines.,Ατάκες με περισσότερες από δύο γραμμές.,İkiden fazla satırı olan replikler.
check.long.title,Controllo lunghezza,Length check,Έλεγχος μήκους,Uzunluk denetimi
check.long.single,troppo lunga,too long,πολύ μεγάλη,çok uzun
check.long.detail,Più di {limit} caratteri in una riga o {total} in tutto.,More than {limit} characters in a line or {total} in total.,Περισσότεροι από {limit} χαρακτήρες σε μια γραμμή ή {total} συνολικά.,Bir satırda {limit} karakterden veya toplamda {total} karakterden fazla.
check.spacing.title,Controllo spazi,Spacing check,Έλεγχος κενών,Boşluk denetimi
check.spacing.single,con spazi da sistemare,spacing to fix,με κενά προς διόρθωση,düzeltilecek boşluklar var
check.spacing.detail,Spazi doppi o fuori posto: la scheda Pulizia li corregge.,Double or misplaced spaces: the Clean up tab fixes them.,Διπλά ή λανθασμένα κενά: η καρτέλα «Καθαρισμός» τα διορθώνει.,Çift veya yanlış yerde boşluklar: Temizlik sekmesi bunları düzeltir.
clean.scope,Cosa correggere,What to fix,Τι θα διορθωθεί,Neler düzeltilsin
clean.scope.cue,Battuta {number},Cue {number},Ατάκα {number},Replik {number}
clean.scope.all,Tutto il copione,Whole script,Όλο το κείμενο,Tüm metin
clean.spaces.label,Spazi,Spaces,Κενά,Boşluklar
clean.spaces.help,"Toglie spazi doppi, spazi prima della punteggiatura e spazi a inizio o fine riga.","Removes double spaces, spaces before punctuation and spaces at the start or end of a line.","Αφαιρεί διπλά κενά, κενά πριν από σημεία στίξης και κενά στην αρχή ή στο τέλος της γραμμής.","Çift boşlukları, noktalama işaretlerinden önceki boşlukları ve satır başı ya da sonundaki boşlukları kaldırır."
clean.emptyLines.label,Righe vuote,Empty lines,Κενές γραμμές,Boş satırlar
clean.emptyLines.help,Eliminare eventuali righe presenti vuote dentro le battute,Remove any empty lines inside cues,Διαγραφή τυχόν κενών γραμμών μέσα στις ατάκες,Repliklerin içindeki boş satırları kaldırır
clean.typography.label,Tipografia,Typography,Τυπογραφία,Tipografi
clean.typography.help,Apostrofo tipografico (’) e tre puntini in un solo carattere (…).,Typographic apostrophe (’) and three dots as a single character (…).,Τυπογραφική απόστροφος (’) και αποσιωπητικά σε έναν χαρακτήρα (…).,Tipografik kesme işareti (’) ve tek karakterlik üç nokta (…).
clean.footnote,Vale per tutte le lingue. In francese lo spazio davanti a ; : ! ? viene mantenuto (come spazio unificatore).,Applies to all languages. In French the space before ; : ! ? is kept (as a non-breaking space).,Ισχύει για όλες τις γλώσσες. Στα γαλλικά το κενό πριν από ; : ! ? διατηρείται (ως αδιάσπαστο κενό).,Tüm diller için geçerlidir. Fransızcada ; : ! ? önündeki boşluk korunur (bölünmez boşluk olarak).
clean.apply.cue,Correggi la battuta {number},Fix cue {number},Διόρθωση της ατάκας {number},{number} numaralı repliği düzelt
clean.apply.all,Correggi tutto il copione,Fix the whole script,Διόρθωση όλου του κειμένου,Tüm metni düzelt
clean.none,Attiva almeno una correzione.,Turn on at least one fix.,Ενεργοποιήστε τουλάχιστον μία διόρθωση.,En az bir düzeltmeyi açın.
clean.done.one,{count} battuta corretta. Puoi annullare con Command/Ctrl+Z.,{count} cue fixed. You can undo with Command/Ctrl+Z.,Διορθώθηκε {count} ατάκα. Μπορείτε να κάνετε αναίρεση με Command/Ctrl+Z.,{count} replik düzeltildi. Command/Ctrl+Z ile geri alabilirsiniz.
clean.done.other,{count} battute corrette. Puoi annullare con Command/Ctrl+Z.,{count} cues fixed. You can undo with Command/Ctrl+Z.,Διορθώθηκαν {count} ατάκες. Μπορείτε να κάνετε αναίρεση με Command/Ctrl+Z.,{count} replik düzeltildi. Command/Ctrl+Z ile geri alabilirsiniz.
clean.nothing,Niente da correggere.,Nothing to fix.,Δεν υπάρχει τίποτα για διόρθωση.,Düzeltilecek bir şey yok.
shortcuts.title,Scorciatoie,Shortcuts,Συντομεύσεις,Kısayollar
shortcuts.aria,Scorciatoie da tastiera,Keyboard shortcuts,Συντομεύσεις πληκτρολογίου,Klavye kısayolları
shortcuts.action.next,Avanti,Next,Επόμενη,İleri
shortcuts.action.next.detail,Proietta la battuta successiva,Projects the next cue,Προβάλλει την επόμενη ατάκα,Sonraki repliği yansıtır
shortcuts.action.previous,Indietro,Back,Πίσω,Geri
shortcuts.action.previous.detail,Torna alla battuta precedente,Goes back to the previous cue,Επιστρέφει στην προηγούμενη ατάκα,Önceki repliğe döner
shortcuts.action.blackout,Schermo vuoto,Blackout,Μαύρη οθόνη,Boş ekran
shortcuts.action.blackout.detail,Oscura o riaccende lo schermo,Blanks or restores the screen,Σβήνει ή ανάβει ξανά την οθόνη,Ekranı karartır veya yeniden açar
shortcuts.action.fullscreen,Schermo intero,Fullscreen,Πλήρης οθόνη,Tam ekran
shortcuts.action.fullscreen.detail,Apre l’anteprima a tutto schermo,Opens the preview in fullscreen,Ανοίγει την προεπισκόπηση σε πλήρη οθόνη,Önizlemeyi tam ekranda açar
shortcuts.action.browseNext,Seleziona successiva,Select next,Επιλογή επόμενης,Sonrakini seç
shortcuts.action.browseNext.detail,Scorre l’elenco senza proiettare,Moves through the list without projecting,Μετακίνηση στη λίστα χωρίς προβολή,Yansıtmadan listede ilerler
shortcuts.action.browsePrevious,Seleziona precedente,Select previous,Επιλογή προηγούμενης,Öncekini seç
shortcuts.action.browsePrevious.detail,Scorre l’elenco senza proiettare,Moves through the list without projecting,Μετακίνηση στη λίστα χωρίς προβολή,Yansıtmadan listede ilerler
shortcuts.fixed.aria,Scorciatoie fisse,Fixed shortcuts,Σταθερές συντομεύσεις,Sabit kısayollar
shortcuts.fixed.undo,Annulla,Undo,Αναίρεση,Geri al
shortcuts.fixed.redo,Ripeti,Redo,Επανάληψη,Yinele
shortcuts.fixed.exitField,Esci dal campo di testo,Leave the text field,Έξοδος από το πεδίο κειμένου,Metin alanından çık
shortcuts.key.Space,Spazio,Space,Διάστημα,Boşluk
shortcuts.key.Enter,Invio,Return,Enter,Enter
shortcuts.key.Delete,Canc,Del,Delete,Del
shortcuts.key.PageUp,Pag ↑,Page ↑,Page ↑,Page ↑
shortcuts.key.PageDown,Pag ↓,Page ↓,Page ↓,Page ↓
shortcuts.key.Home,Inizio,Home,Home,Home
shortcuts.key.End,Fine,End,End,End
shortcuts.key.numpad,{key} (tast. num.),{key} (keypad),{key} (αριθμ. πληκτρ.),{key} (sayısal tuş takımı)
shortcuts.press,Premi…,Press…,Πατήστε…,Basın…
shortcuts.recording.title,Premi il nuovo tasto (Esc annulla),Press the new key (Esc cancels),Πατήστε το νέο πλήκτρο (Esc για ακύρωση),Yeni tuşa basın (Esc iptal eder)
shortcuts.change.title,Clic per cambiare tasto,Click to change the key,Κλικ για αλλαγή πλήκτρου,Tuşu değiştirmek için tıklayın
shortcuts.change.aria,{action}: {key}. Cambia tasto,{action}: {key}. Change key,{action}: {key}. Αλλαγή πλήκτρου,{action}: {key}. Tuşu değiştir
shortcuts.remove.aria,Togli {key} da {action},Remove {key} from {action},Αφαίρεση του {key} από {action},{action} eyleminden {key} tuşunu kaldır
shortcuts.remove.title,Togli questo tasto,Remove this key,Αφαίρεση αυτού του πλήκτρου,Bu tuşu kaldır
shortcuts.add.aria,Aggiungi un tasto per {action},Add a key for {action},Προσθήκη πλήκτρου για {action},{action} için bir tuş ekle
shortcuts.add.title,Aggiungi un tasto,Add a key,Προσθήκη πλήκτρου,Tuş ekle
shortcuts.hint.recording,Premi il tasto da usare. Esc annulla.,Press the key to use. Esc cancels.,Πατήστε το πλήκτρο που θέλετε. Esc για ακύρωση.,Kullanılacak tuşa basın. Esc iptal eder.
shortcuts.hint.modifiers,"Cmd, Ctrl e Alt restano al sistema: scegli un tasto senza questi.","Cmd, Ctrl and Alt are kept for the system: choose a key without them.","Τα Cmd, Ctrl και Alt προορίζονται για το σύστημα: επιλέξτε ένα πλήκτρο χωρίς αυτά.","Cmd, Ctrl ve Alt sisteme ayrılmıştır: bunlar olmadan bir tuş seçin."
shortcuts.hint.invalid,Questo tasto non si può assegnare.,This key cannot be assigned.,Αυτό το πλήκτρο δεν μπορεί να αντιστοιχιστεί.,Bu tuş atanamaz.
shortcuts.hint.moved,{key} tolto da “{action}”.,{key} removed from “{action}”.,Το {key} αφαιρέθηκε από «{action}».,{key} tuşu “{action}” eyleminden kaldırıldı.
shortcuts.reset,Ripristina tasti predefiniti,Restore default keys,Επαναφορά προεπιλεγμένων πλήκτρων,Varsayılan tuşları geri yükle
cues.current,Attuale,Live,Τρέχουσα,Yansıtılan
cues.blackout,Schermo vuoto,Blackout,Μαύρη οθόνη,Boş ekran
cues.list.title,Battute,Cues,Ατάκες,Replikler
cues.list.aria,Sopratitoli in sequenza,Surtitles in sequence,Υπέρτιτλοι στη σειρά,Sıralı üstyazılar
cues.empty,Sopratitolo vuoto,Empty surtitle,Κενός υπέρτιτλος,Boş üstyazı
cues.next,Prossima,Next,Επόμενη,Sonraki
cues.recordedTime,Tempo registrato: quando entra la battuta,Recorded time: when the cue comes in,Καταγεγραμμένος χρόνος: πότε μπαίνει η ατάκα,Kaydedilmiş zaman: repliğin geldiği an
cues.expand,Espandi modifica sopratitolo {number},Expand editor for surtitle {number},Ανάπτυξη επεξεργασίας υπέρτιτλου {number},Üstyazı {number} düzenleyicisini aç
cues.collapse,Chiudi modifica sopratitolo {number},Close editor for surtitle {number},Κλείσιμο επεξεργασίας υπέρτιτλου {number},Üstyazı {number} düzenleyicisini kapat
cues.inlineText,Testo sopratitolo {number},Text of surtitle {number},Κείμενο υπέρτιτλου {number},Üstyazı {number} metni
cues.note.edit,Clic per modificare la nota,Click to edit the note,Κλικ για επεξεργασία της σημείωσης,Notu düzenlemek için tıklayın
cues.note.label,Nota operatore,Operator note,Σημείωση χειριστή,Operatör notu
marker.row.title,Doppio clic: modifica marcatore,Double-click: edit marker,Διπλό κλικ: επεξεργασία δείκτη,Çift tıklama: işareti düzenle
marker.edit,Modifica marcatore,Edit marker,Επεξεργασία δείκτη,İşareti düzenle
marker.edit.aria,Modifica marcatore {title},Edit marker {title},Επεξεργασία δείκτη {title},İşareti düzenle: {title}
marker.delete,Elimina marcatore,Delete marker,Διαγραφή δείκτη,İşareti sil
marker.delete.aria,Elimina marcatore {title},Delete marker {title},Διαγραφή δείκτη {title},İşareti sil: {title}
conductor.aria,Comandi di conduzione,Show controls,Χειριστήρια παράστασης,Gösteri denetimleri
conductor.back,Indietro,Back,Πίσω,Geri
conductor.next,Avanti,Next,Επόμενη,İleri
conductor.goTo.label,Vai a battuta,Go to cue,Μετάβαση σε ατάκα,Repliğe git
conductor.goTo.title,"Numero di battuta, parola del testo o titolo di un marcatore (es. atto 2)","Cue number, a word from the text or a marker title (e.g. act 2)","Αριθμός ατάκας, λέξη του κειμένου ή τίτλος δείκτη (π.χ. πράξη 2)","Replik numarası, metinden bir sözcük veya bir işaretin başlığı (ör. perde 2)"
conductor.goTo.placeholder,Vai a: n° o parola,Go to: no. or word,Μετάβαση: αρ. ή λέξη,Git: no. veya sözcük
conductor.goTo.missed,Nessuna battuta trovata,No cue found,Δεν βρέθηκε ατάκα,Replik bulunamadı
conductor.showText,Mostra testo,Show text,Εμφάνιση κειμένου,Metni göster
conductor.blackout,Schermo vuoto,Blackout,Μαύρη οθόνη,Boş ekran
conductor.projection,Proiezione,Projection,Προβολή,Yansıtma
conductor.projection.title,Apri o mostra la finestra di proiezione,Open or show the projection window,Άνοιγμα ή εμφάνιση του παραθύρου προβολής,Yansıtma penceresini aç veya göster
conductor.projection.aria,Apri proiezione,Open projection,Άνοιγμα προβολής,Yansıtmayı aç
rightColumn.aria,Proprietà,Properties,Ιδιότητες,Özellikler
toolbar.aria,Modifica struttura sopratitoli,Edit surtitle structure,Επεξεργασία δομής υπέρτιτλων,Üstyazı yapısını düzenle
toolbar.addAfter,Aggiungi dopo,Add after,Προσθήκη μετά,Sonrasına ekle
toolbar.addAfter.aria,Aggiungi sopratitolo dopo,Add surtitle after,Προσθήκη υπέρτιτλου μετά,Sonrasına üstyazı ekle
toolbar.split,Dividi,Split,Διαίρεση,Böl
toolbar.split.aria,Dividi sopratitolo,Split surtitle,Διαίρεση υπέρτιτλου,Üstyazıyı böl
toolbar.merge,Unisci con successiva,Merge with next,Συγχώνευση με επόμενη,Sonrakiyle birleştir
toolbar.merge.aria,Unisci con il sopratitolo successivo,Merge with the next surtitle,Συγχώνευση με τον επόμενο υπέρτιτλο,Sonraki üstyazıyla birleştir
toolbar.marker,"Inserisci marcatore (atto, scena…) prima della battuta","Insert marker (act, scene…) before the cue","Εισαγωγή δείκτη (πράξη, σκηνή…) πριν από την ατάκα","Replikten önce işaret ekle (perde, sahne…)"
toolbar.marker.aria,Inserisci marcatore prima della battuta selezionata,Insert marker before the selected cue,Εισαγωγή δείκτη πριν από την επιλεγμένη ατάκα,Seçili replikten önce işaret ekle
toolbar.delete,Elimina,Delete,Διαγραφή,Sil
toolbar.delete.aria,Elimina sopratitolo,Delete surtitle,Διαγραφή υπέρτιτλου,Üstyazıyı sil
languages.aria,Lingua delle battute,Cue language,Γλώσσα των ατακών,Repliklerin dili
languages.progress,{language} · {filled}/{total} battute,{language} · {filled}/{total} cues,{language} · {filled}/{total} ατάκες,{language} · {filled}/{total} replik
languages.manage.title,"Lingue del progetto: aggiungi, rinomina, elimina","Project languages: add, rename, delete","Γλώσσες του έργου: προσθήκη, μετονομασία, διαγραφή","Proje dilleri: ekle, yeniden adlandır, sil"
languages.manage.aria,Gestisci le lingue del progetto,Manage project languages,Διαχείριση των γλωσσών του έργου,Proje dillerini yönet
editor.aria,Modifica sopratitolo {number},Edit surtitle {number},Επεξεργασία υπέρτιτλου {number},{number} numaralı üstyazıyı düzenle
editor.text.aria,Testo {language} sopratitolo {number},{language} text of surtitle {number},Κείμενο {language} του υπέρτιτλου {number},{language} metni: üstyazı {number}
editor.style.aria,Controlli di stile,Style controls,Στοιχεία ελέγχου στυλ,Stil denetimleri
editor.bold,Grassetto,Bold,Έντονα,Kalın
editor.italic,Corsivo,Italic,Πλάγια,İtalik
editor.underline,Sottolineato,Underline,Υπογράμμιση,Altı çizili
editor.color,Colore testo,Text colour,Χρώμα κειμένου,Metin rengi
editor.smaller,Riduci dimensione testo,Decrease text size,Μείωση μεγέθους κειμένου,Metin boyutunu küçült
editor.larger,Aumenta dimensione testo,Increase text size,Αύξηση μεγέθους κειμένου,Metin boyutunu büyüt
editor.scaleValue,Dimensione testo {value}%,Text size {value}%,Μέγεθος κειμένου {value}%,Metin boyutu %{value}
editor.clear,Rimuovi formattazione,Clear formatting,Απαλοιφή μορφοποίησης,Biçimlendirmeyi temizle
editor.notes,Note operatore,Operator notes,Σημειώσεις χειριστή,Operatör notları
editor.notes.aria,Note operatore sopratitolo {number},Operator notes for surtitle {number},Σημειώσεις χειριστή για τον υπέρτιτλο {number},Operatör notları: üstyazı {number}
editor.notes.placeholder,Indicazioni per la regia...,Notes for the operator...,Οδηγίες για τον χειριστή...,Operatör için notlar…
editor.chars.single,{count} caratteri (massimo {limit} per riga),{count} characters (maximum {limit} per line),{count} χαρακτήρες (έως {limit} ανά γραμμή),{count} karakter (satır başına en fazla {limit})
editor.chars.multi,"Caratteri per riga: {counts} (massimo {limit} per riga, {maxLines} righe)","Characters per line: {counts} (maximum {limit} per line, {maxLines} lines)","Χαρακτήρες ανά γραμμή: {counts} (έως {limit} ανά γραμμή, {maxLines} γραμμές)","Satır başına karakter: {counts} (satır başına en fazla {limit}, {maxLines} satır)"
editor.chars.tooManyLines,{count} righe,{count} lines,{count} γραμμές,{count} satır
dialog.confirm,Conferma,Confirm,Επιβεβαίωση,Onayla
dialog.ok,OK,OK,OK,Tamam
dialog.marker.type,Tipo marcatore,Marker type,Τύπος δείκτη,İşaret türü
dialog.marker.title,Titolo,Title,Τίτλος,Başlık
dialog.marker.placeholder,"Atto I, Scena 2, Intervallo…","Act I, Scene 2, Interval…","Πράξη Α΄, Σκηνή 2, Διάλειμμα…","I. Perde, 2. Sahne, Ara…"
marker.add.title,Inserisci marcatore,Insert marker,Εισαγωγή δείκτη,İşaret ekle
marker.add.message.before,"Il marcatore segna l’inizio di una sezione, prima della battuta {number}. Comparirà nella mappa dello spettacolo.","The marker marks the start of a section, before cue {number}. It will appear in the show map.","Ο δείκτης σημειώνει την αρχή μιας ενότητας, πριν από την ατάκα {number}. Θα εμφανιστεί στον χάρτη της παράστασης.","İşaret, {number} numaralı replikten önce bir bölümün başlangıcını belirtir. Gösteri haritasında görünecek."
marker.add.message,Il marcatore segna l’inizio di una sezione e comparirà nella mappa dello spettacolo.,The marker marks the start of a section and will appear in the show map.,Ο δείκτης σημειώνει την αρχή μιας ενότητας και θα εμφανιστεί στον χάρτη της παράστασης.,İşaret bir bölümün başlangıcını belirtir ve gösteri haritasında görünecek.
marker.edit.title,Modifica marcatore,Edit marker,Επεξεργασία δείκτη,İşareti düzenle
marker.edit.message,Cambia il tipo o il titolo della sezione.,Change the type or title of the section.,Αλλάξτε τον τύπο ή τον τίτλο της ενότητας.,Bölümün türünü veya başlığını değiştirin.
marker.delete.title,Elimina marcatore,Delete marker,Διαγραφή δείκτη,İşareti sil
marker.delete.message,Vuoi eliminare il marcatore “{title}”? Le battute restano dove sono. Potrai annullare con Command/Ctrl+Z.,Delete the marker “{title}”? The cues stay where they are. You can undo with Command/Ctrl+Z.,Να διαγραφεί ο δείκτης «{title}»; Οι ατάκες μένουν στη θέση τους. Μπορείτε να κάνετε αναίρεση με Command/Ctrl+Z.,“{title}” işareti silinsin mi? Replikler yerinde kalır. Command/Ctrl+Z ile geri alabilirsiniz.
cue.delete.title,Elimina sopratitolo,Delete surtitle,Διαγραφή υπέρτιτλου,Üstyazıyı sil
cue.delete.message,Vuoi eliminare il sopratitolo {number}? Potrai annullare con Command/Ctrl+Z.,Delete surtitle {number}? You can undo with Command/Ctrl+Z.,Να διαγραφεί ο υπέρτιτλος {number}; Μπορείτε να κάνετε αναίρεση με Command/Ctrl+Z.,{number} numaralı üstyazı silinsin mi? Command/Ctrl+Z ile geri alabilirsiniz.
cue.split.cursor.title,Posiziona il cursore,Place the cursor,Τοποθετήστε τον δρομέα,İmleci yerleştirin
cue.split.cursor.message,Clicca nel testo della lingua che vuoi dividere e lascia il cursore nel punto esatto della separazione.,Click in the text of the language you want to split and leave the cursor exactly where the split should go.,Κάντε κλικ στο κείμενο της γλώσσας που θέλετε να διαιρέσετε και αφήστε τον δρομέα ακριβώς στο σημείο της διαίρεσης.,Bölmek istediğiniz dilin metnine tıklayın ve imleci tam bölme noktasına bırakın.
cue.split.title,Dividi sopratitolo,Split surtitle,Διαίρεση υπέρτιτλου,Üstyazıyı böl
cue.split.message,Come vuoi gestire il testo delle altre lingue?,What should happen to the text in the other languages?,Τι να γίνει με το κείμενο των άλλων γλωσσών;,Diğer dillerdeki metin ne olsun?
cue.split.first,Lascialo nella prima battuta,Keep it in the first cue,Να μείνει στην πρώτη ατάκα,İlk replikte kalsın
cue.split.second,Spostalo nella seconda battuta,Move it to the second cue,Να μετακινηθεί στη δεύτερη ατάκα,İkinci repliğe taşınsın
cue.split.detail,Solo la lingua sotto il cursore viene divisa.,Only the language under the cursor is split.,Διαιρείται μόνο η γλώσσα όπου βρίσκεται ο δρομέας.,Yalnızca imlecin bulunduğu dil bölünür.
error.notFound,Sopratitolo non trovato.,Surtitle not found.,Ο υπέρτιτλος δεν βρέθηκε.,Üstyazı bulunamadı.
error.noPrevious,Non ci sono sopratitoli precedenti da unire.,There is no previous surtitle to merge with.,Δεν υπάρχει προηγούμενος υπέρτιτλος για συγχώνευση.,Birleştirilecek önceki üstyazı yok.
error.noNext,Non ci sono sopratitoli successivi da unire.,There is no next surtitle to merge with.,Δεν υπάρχει επόμενος υπέρτιτλος για συγχώνευση.,Birleştirilecek sonraki üstyazı yok.
error.addFromMarker,Non puoi aggiungere un sopratitolo da un marcatore.,You cannot add a surtitle from a marker.,Δεν μπορείτε να προσθέσετε υπέρτιτλο από δείκτη.,Bir işaretten üstyazı eklenemez.
error.deleteMarker,Questa azione non elimina i marcatori.,This action does not delete markers.,Αυτή η ενέργεια δεν διαγράφει δείκτες.,Bu işlem işaretleri silmez.
error.lastCue,Deve rimanere almeno un sopratitolo.,At least one surtitle must remain.,Πρέπει να μείνει τουλάχιστον ένας υπέρτιτλος.,En az bir üstyazı kalmalıdır.
error.mergeMarker,Non puoi unire un sopratitolo con un marcatore.,You cannot merge a surtitle with a marker.,Δεν μπορείτε να συγχωνεύσετε υπέρτιτλο με δείκτη.,Bir üstyazı bir işaretle birleştirilemez.
error.splitMarker,Non puoi dividere un marcatore.,You cannot split a marker.,Δεν μπορείτε να διαιρέσετε δείκτη.,Bir işaret bölünemez.
error.invalidChoice,Scelta non valida per le altre lingue.,Invalid choice for the other languages.,Μη έγκυρη επιλογή για τις άλλες γλώσσες.,Diğer diller için geçersiz seçim.
error.cursor,Metti il cursore nel punto in cui vuoi dividere il sopratitolo.,Place the cursor where you want to split the surtitle.,Τοποθετήστε τον δρομέα στο σημείο όπου θέλετε να διαιρέσετε τον υπέρτιτλο.,İmleci üstyazıyı bölmek istediğiniz noktaya yerleştirin.
langs.title,Lingue del progetto,Project languages,Γλώσσες του έργου,Proje dilleri
langs.intro,Le lingue in cui sono scritte le battute. La principale è il riferimento del copione.,The languages the cues are written in. The primary one is the reference for the script.,Οι γλώσσες στις οποίες είναι γραμμένες οι ατάκες. Η κύρια γλώσσα είναι η αναφορά του κειμένου.,"Repliklerin yazıldığı diller. Ana dil, metnin referansıdır."
langs.close,Chiudi,Close,Κλείσιμο,Kapat
langs.close.title,Chiudi (Esc),Close (Esc),Κλείσιμο (Esc),Kapat (Esc)
langs.name.aria,Nome della lingua {code},Name of language {code},Όνομα της γλώσσας {code},Dil adı ({code})
langs.count.title,{filled} battute su {total} tradotte,{filled} of {total} cues translated,{filled} από {total} ατάκες μεταφρασμένες,Çevrilen replik: {filled}/{total}
langs.primary,Principale,Primary,Κύρια,Ana
langs.primary.title,Lingua principale,Primary language,Κύρια γλώσσα,Ana dil
langs.makePrimary,Rendi principale,Make primary,Ορισμός ως κύριας,Ana yap
langs.makePrimary.title,Imposta come lingua principale,Set as primary language,Ορισμός ως κύριας γλώσσας,Ana dil olarak ayarla
langs.delete.aria,Elimina {language},Delete {language},Διαγραφή {language},{language} dilini sil
langs.delete.title,Elimina lingua,Delete language,Διαγραφή γλώσσας,Dili sil
langs.delete.last,Deve restare almeno una lingua,At least one language must remain,Πρέπει να μείνει τουλάχιστον μία γλώσσα,En az bir dil kalmalıdır
langs.delete.message,Vuoi eliminare {language} da «{project}»? Anche i testi in questa lingua verranno rimossi.,Delete {language} from “{project}”? The texts in this language will be removed too.,Να διαγραφεί η γλώσσα {language} από «{project}»; Θα αφαιρεθούν και τα κείμενα σε αυτή τη γλώσσα.,“{project}” içindeki {language} dili silinsin mi? Bu dildeki metinler de kaldırılacak.
langs.thisProject,questo progetto,this project,αυτό το έργο,bu proje
langs.add,Aggiungi lingua,Add language,Προσθήκη γλώσσας,Dil ekle
langs.add.button,Aggiungi,Add,Προσθήκη,Ekle
langs.code.placeholder,"Codice, es. ja","Code, e.g. ja","Κωδικός, π.χ. ja","Kod, ör. ja"
langs.code.aria,Codice della nuova lingua,Code of the new language,Κωδικός της νέας γλώσσας,Yeni dilin kodu
langs.newName.placeholder,"Nome, es. 日本語","Name, e.g. 日本語","Όνομα, π.χ. 日本語","Ad, ör. 日本語"
langs.newName.aria,Nome della nuova lingua,Name of the new language,Όνομα της νέας γλώσσας,Yeni dilin adı
langs.copy,Nella nuova lingua copia i testi di {language} come base da tradurre,Copy the {language} texts into the new language as a basis for translation,Αντιγραφή των κειμένων της γλώσσας {language} στη νέα γλώσσα ως βάση για μετάφραση,{language} metinlerini çeviriye temel olarak yeni dile kopyala
langs.done,Fatto,Done,Τέλος,Bitti
nav.aria,Navigazione principale,Main navigation,Κύρια πλοήγηση,Ana gezinme
nav.projects,Progetti,Projects,Έργα,Projeler
nav.cues,Sopratitoli,Surtitles,Υπέρτιτλοι,Üstyazılar
nav.screens,Schermi,Screens,Οθόνες,Ekranlar
nav.settings,Impostazioni,Settings,Ρυθμίσεις,Ayarlar
nav.project.aria,Informazioni progetto,Project information,Πληροφορίες έργου,Proje bilgileri
nav.untitled,Senza titolo,Untitled,Χωρίς τίτλο,Adsız
nav.saved,salvato localmente,saved locally,αποθηκεύτηκε τοπικά,yerel olarak kaydedildi
nav.unsaved,modifiche non salvate,unsaved changes,μη αποθηκευμένες αλλαγές,kaydedilmemiş değişiklikler
nav.cueCount.one,{count} sopratitolo,{count} surtitle,{count} υπέρτιτλος,{count} üstyazı
nav.cueCount.other,{count} sopratitoli,{count} surtitles,{count} υπέρτιτλοι,{count} üstyazı
nav.expand,Espandi barra laterale,Expand sidebar,Ανάπτυξη πλαϊνής στήλης,Kenar çubuğunu genişlet
nav.collapse,Comprimi barra laterale,Collapse sidebar,Σύμπτυξη πλαϊνής στήλης,Kenar çubuğunu daralt
nav.version.aria,Versione applicazione,App version,Έκδοση εφαρμογής,Uygulama sürümü
nav.version,versione {version},version {version},έκδοση {version},sürüm {version}
nav.right.expand,Espandi barra destra,Expand right sidebar,Ανάπτυξη δεξιάς στήλης,Sağ kenar çubuğunu genişlet
nav.right.collapse,Comprimi barra destra,Collapse right sidebar,Σύμπτυξη δεξιάς στήλης,Sağ kenar çubuğunu daralt
projects.title,Progetti,Projects,Έργα,Projeler
projects.subtitle,I tuoi spettacoli,Your shows,Οι παραστάσεις σας,Gösterileriniz
projects.new,Nuovo,New,Νέο,Yeni
projects.import,Importa,Import,Εισαγωγή,İçe aktar
projects.save,Salva,Save,Αποθήκευση,Kaydet
projects.saveAs,Salva con nome…,Save as…,Αποθήκευση ως…,Farklı kaydet…
projects.search,Cerca progetti…,Search projects…,Αναζήτηση έργων…,Projelerde ara…
projects.view.aria,Visualizzazione progetti,Project view,Προβολή έργων,Proje görünümü
projects.view.grid,Vista griglia,Grid view,Προβολή πλέγματος,Izgara görünümü
projects.view.list,Vista lista,List view,Προβολή λίστας,Liste görünümü
projects.empty,Nessuno spettacolo trovato.,No shows found.,Δεν βρέθηκαν παραστάσεις.,Gösteri bulunamadı.
projects.count.one,{count} progetto,{count} project,{count} έργο,{count} proje
projects.count.other,{count} progetti,{count} projects,{count} έργα,{count} proje
projects.liveShow,Spettacolo dal vivo,Live show,Ζωντανή παράσταση,Canlı gösteri
projects.untitled,Senza titolo,Untitled,Χωρίς τίτλο,Adsız
projects.modified,Modificato {date},Modified {date},Τροποποιήθηκε {date},Değiştirilme: {date}
projects.languageCount.one,{count} lingua,{count} language,{count} γλώσσα,{count} dil
projects.languageCount.other,{count} lingue,{count} languages,{count} γλώσσες,{count} dil
projects.current,aperto,open,ανοιχτό,açık
projects.details.title,Dettagli progetto,Project details,Λεπτομέρειες έργου,Proje ayrıntıları
projects.details.lastModified,Ultima modifica,Last modified,Τελευταία τροποποίηση,Son değişiklik
projects.details.cues,Battute,Cues,Ατάκες,Replikler
projects.details.languages,Lingue,Languages,Γλώσσες,Diller
projects.details.manageLanguages,Gestisci,Manage,Διαχείριση,Yönet
projects.details.author,Autore/Autrice,Author,Συγγραφέας,Yazar
projects.details.version,Versione progetto,Project version,Έκδοση έργου,Proje sürümü
projects.open,Apri progetto,Open project,Άνοιγμα έργου,Projeyi aç
projects.editDetails,Modifica dettagli,Edit details,Επεξεργασία λεπτομερειών,Ayrıntıları düzenle
projects.actions.aria,Azioni progetto: {title},Project actions: {title},Ενέργειες έργου: {title},Proje işlemleri: {title}
projects.actions.eyebrow,Azioni progetto,Project actions,Ενέργειες έργου,Proje işlemleri
projects.actions.close,Chiudi,Close,Κλείσιμο,Kapat
projects.actions.details,Dettagli,Details,Λεπτομέρειες,Ayrıntılar
projects.actions.detailsHelp,Modifica titolo e metadati.,Edit title and metadata.,Επεξεργασία τίτλου και μεταδεδομένων.,Başlığı ve üst verileri düzenleyin.
projects.actions.image,Cambia immagine,Change image,Αλλαγή εικόνας,Görseli değiştir
projects.actions.imageHelp,Scegli una nuova anteprima dello spettacolo.,Choose a new preview image for the show.,Επιλογή νέας εικόνας προεπισκόπησης για την παράσταση.,Gösteri için yeni bir önizleme görseli seçin.
projects.actions.export,Esporta,Export,Εξαγωγή,Dışa aktar
projects.actions.exportHelp,Prepara una copia del progetto.,Prepare a copy of the project.,Προετοιμασία αντιγράφου του έργου.,Projenin bir kopyasını hazırlayın.
projects.actions.duplicate,Duplica,Duplicate,Διπλότυπο,Çoğalt
projects.actions.duplicateHelp,Crea una copia modificabile.,Create an editable copy.,Δημιουργία επεξεργάσιμου αντιγράφου.,Düzenlenebilir bir kopya oluşturun.
projects.actions.languages,Lingue,Languages,Γλώσσες,Diller
projects.actions.languagesHelp,"Aggiungi, rinomina o elimina le lingue.","Add, rename or delete languages.","Προσθήκη, μετονομασία ή διαγραφή γλωσσών.","Dil ekleyin, yeniden adlandırın veya silin."
projects.actions.delete,Elimina,Delete,Διαγραφή,Sil
projects.actions.deleteHelp,Rimuovi il progetto da Sténtor.,Remove the project from Sténtor.,Αφαίρεση του έργου από το Sténtor.,Projeyi Sténtor’dan kaldırın.
projects.dialog.new.title,Nuovo progetto,New project,Νέο έργο,Yeni proje
projects.dialog.new.message,Scegli un titolo per il nuovo progetto.,Choose a title for the new project.,Επιλέξτε έναν τίτλο για το νέο έργο.,Yeni proje için bir başlık seçin.
projects.dialog.new.label,Titolo progetto,Project title,Τίτλος έργου,Proje başlığı
projects.dialog.new.default,Nuovo progetto,New project,Νέο έργο,Yeni proje
projects.dialog.new.confirm,Crea,Create,Δημιουργία,Oluştur
projects.dialog.notFound.title,Progetto non trovato,Project not found,Το έργο δεν βρέθηκε,Proje bulunamadı
projects.dialog.notFound.message,Non riesco a trovare questo spettacolo nella libreria locale.,This show could not be found in the local library.,Αυτή η παράσταση δεν βρέθηκε στην τοπική βιβλιοθήκη.,Bu gösteri yerel kitaplıkta bulunamadı.
projects.dialog.details.title,Dettagli,Details,Λεπτομέρειες,Ayrıntılar
projects.dialog.details.message,Modifica i metadati principali.,Edit the main metadata.,Επεξεργαστείτε τα κύρια μεταδεδομένα.,Temel üst verileri düzenleyin.
projects.dialog.details.titleField,Titolo,Title,Τίτλος,Başlık
projects.dialog.details.company,Compagnia / collettivo,Company / collective,Θίασος / ομάδα,Topluluk / kolektif
projects.dialog.details.author,Autore/Autrice,Author,Συγγραφέας,Yazar
projects.dialog.image.title,Immagine non importata,Image not imported,Η εικόνα δεν εισήχθη,Görsel içe aktarılmadı
projects.dialog.image.message,Non riesco a leggere questa immagine.,This image could not be read.,Δεν ήταν δυνατή η ανάγνωση αυτής της εικόνας.,Bu görsel okunamadı.
projects.dialog.image.format,"Formato immagine non valido. Usa JPG, PNG o WebP.","Unsupported image format. Use JPG, PNG or WebP.","Μη έγκυρη μορφή εικόνας. Χρησιμοποιήστε JPG, PNG ή WebP.","Desteklenmeyen görsel biçimi. JPG, PNG veya WebP kullanın."
projects.dialog.delete.title,Elimina spettacolo,Delete show,Διαγραφή παράστασης,Gösteriyi sil
projects.dialog.delete.message,Vuoi eliminare definitivamente “{title}”?,Permanently delete “{title}”?,Να διαγραφεί οριστικά το «{title}»;,“{title}” kalıcı olarak silinsin mi?
projects.dialog.thisShow,questo spettacolo,this show,αυτή η παράσταση,bu gösteri
projects.dialog.import.title,Importa spettacolo,Import show,Εισαγωγή παράστασης,Gösteriyi içe aktar
projects.dialog.import.message,Ci sono modifiche non salvate. Vuoi importare un altro spettacolo e renderlo attivo?,There are unsaved changes. Import another show and make it active?,Υπάρχουν μη αποθηκευμένες αλλαγές. Θέλετε να εισαγάγετε άλλη παράσταση και να την ορίσετε ως ενεργή;,Kaydedilmemiş değişiklikler var. Başka bir gösteri içe aktarılıp etkin yapılsın mı?
projects.dialog.import.confirm,Importa,Import,Εισαγωγή,İçe aktar
projects.dialog.importFailed.title,Importazione non riuscita,Import failed,Η εισαγωγή απέτυχε,İçe aktarma başarısız
projects.dialog.importFailed.word,Non sono riuscito a leggere il copione Word. Verifica che sia un file .docx e riprova.,The Word script could not be read. Check that it is a .docx file and try again.,Δεν ήταν δυνατή η ανάγνωση του κειμένου Word. Βεβαιωθείτε ότι είναι αρχείο .docx και δοκιμάστε ξανά.,Word metni okunamadı. Dosyanın .docx olduğunu denetleyip yeniden deneyin.
import.summary.title,File importato,File imported,Το αρχείο εισήχθη,Dosya içe aktarıldı
import.summary.message,«{file}»: {cues}. Lingue: {languages}.,“{file}”: {cues}. Languages: {languages}.,«{file}»: {cues}. Γλώσσες: {languages}.,“{file}”: {cues}. Diller: {languages}.
import.summary.markers.one,"Riconosciuto {count} marcatore (atto, scena…).","{count} marker recognised (act, scene…).","Αναγνωρίστηκε {count} δείκτης (πράξη, σκηνή…).","{count} işaret tanındı (perde, sahne…)."
import.summary.markers.other,"Riconosciuti {count} marcatori (atti, scene…).","{count} markers recognised (acts, scenes…).","Αναγνωρίστηκαν {count} δείκτες (πράξεις, σκηνές…).","{count} işaret tanındı (perdeler, sahneler…)."
import.summary.slides,Ogni diapositiva è diventata una battuta; le diapositive vuote sono battute vuote (schermo nero).,Each slide became a cue; empty slides are empty cues (black screen).,Κάθε διαφάνεια έγινε μία ατάκα· οι κενές διαφάνειες είναι κενές ατάκες (μαύρη οθόνη).,Her slayt bir replik oldu; boş slaytlar boş replik oldu (siyah ekran).
import.summary.timed,"I tempi dei sottotitoli sono stati conservati: puoi usarli nella card Tempi, con Riproduci.","The subtitle timings were kept: you can use them in the Timing card, with Play.","Οι χρόνοι των υποτίτλων διατηρήθηκαν: μπορείτε να τους χρησιμοποιήσετε στην κάρτα «Χρόνοι», με την «Αναπαραγωγή».",Altyazı zamanlamaları korundu: bunları Süreler kartında Oynat ile kullanabilirsiniz.
import.error.file,"Non sono riuscito a leggere il file. Puoi importare progetti Sténtor (.json, .stn), copioni Word (.docx), tabelle Excel o CSV, presentazioni PowerPoint (.pptx), sottotitoli SRT o VTT e testo (.txt).","The file could not be read. You can import Sténtor projects (.json, .stn), Word scripts (.docx), Excel or CSV tables, PowerPoint presentations (.pptx), SRT or VTT subtitles and text (.txt).","Δεν ήταν δυνατή η ανάγνωση του αρχείου. Μπορείτε να εισαγάγετε έργα Sténtor (.json, .stn), κείμενα Word (.docx), πίνακες Excel ή CSV, παρουσιάσεις PowerPoint (.pptx), υπότιτλους SRT ή VTT και κείμενο (.txt).","Dosya okunamadı. Sténtor projelerini (.json, .stn), Word metinlerini (.docx), Excel veya CSV tablolarını, PowerPoint sunumlarını (.pptx), SRT veya VTT altyazılarını ve düz metni (.txt) içe aktarabilirsiniz."
import.error.empty,Nel file non ho trovato testi da importare.,No text to import was found in the file.,Δεν βρέθηκαν κείμενα για εισαγωγή στο αρχείο.,Dosyada içe aktarılacak metin bulunamadı.
import.language.n,Lingua {n},Language {n},Γλώσσα {n},Dil {n}
projects.dialog.importFailed.project,Il file selezionato non sembra essere uno spettacolo Sténtor valido.,The selected file does not look like a valid Sténtor show.,Το επιλεγμένο αρχείο δεν φαίνεται να είναι έγκυρη παράσταση Sténtor.,Seçilen dosya geçerli bir Sténtor gösterisi gibi görünmüyor.
projects.dialog.save.title,Salva progetto,Save project,Αποθήκευση έργου,Projeyi kaydet
projects.dialog.saveAs.title,Salva con nome,Save as,Αποθήκευση ως,Farklı kaydet
projects.dialog.save.message,Scegli il nome del file progetto da scaricare.,Choose the name of the project file to download.,Επιλέξτε το όνομα του αρχείου έργου που θα κατεβάσετε.,İndirilecek proje dosyasının adını seçin.
projects.dialog.save.label,Nome file,File name,Όνομα αρχείου,Dosya adı
projects.dialog.saveFailed.title,Salvataggio non riuscito,Save failed,Η αποθήκευση απέτυχε,Kaydetme başarısız
projects.dialog.saveFailed.message,Non sono riuscito a salvare il progetto. Puoi provare con “Salva con nome”.,The project could not be saved. You can try “Save as”.,Δεν ήταν δυνατή η αποθήκευση του έργου. Δοκιμάστε με «Αποθήκευση ως».,Proje kaydedilemedi. “Farklı kaydet” ile deneyebilirsiniz.
projects.newShow,Nuovo spettacolo,New show,Νέα παράσταση,Yeni gösteri
dialog.language.code,Codice lingua,Language code,Κωδικός γλώσσας,Dil kodu
dialog.language.name,Nome lingua,Language name,Όνομα γλώσσας,Dil adı
dialog.language.copy,Copia nella nuova lingua il testo già presente nella lingua attiva,Copy the text of the active language into the new language,Αντιγραφή του κειμένου της ενεργής γλώσσας στη νέα γλώσσα,Etkin dildeki metni yeni dile kopyala
app.about.message,"Sténtor Desktop {version}
Sopratitoli per spettacolo dal vivo.","Sténtor Desktop {version}
Surtitles for live performance.",Sténtor Desktop {version}\nΥπέρτιτλοι για ζωντανές παραστάσεις.,Sténtor Desktop {version}\nCanlı gösteriler için üstyazı.
app.shortcuts.title,Scorciatoie da tastiera,Keyboard shortcuts,Συντομεύσεις πληκτρολογίου,Klavye kısayolları
app.shortcuts.message,"Le scorciatoie si vedono e si cambiano nella card “Scorciatoie”, a destra nella pagina Sopratitoli.","You can see and change the shortcuts in the “Shortcuts” card, on the right of the Surtitles page.","Μπορείτε να δείτε και να αλλάξετε τις συντομεύσεις στην κάρτα «Συντομεύσεις», στα δεξιά της σελίδας «Υπέρτιτλοι».",Kısayolları Üstyazılar sayfasının sağındaki “Kısayollar” kartında görebilir ve değiştirebilirsiniz.
screens.aria,Schermi Sténtor Lite,Sténtor Lite screens,Οθόνες Sténtor Lite,Sténtor Lite ekranları
screens.toolbar.aria,Controlli Schermi,Screen controls,Χειριστήρια οθονών,Ekran denetimleri
screens.eyebrow,Schermi,Screens,Οθόνες,Ekranlar
screens.heading,Proiezione sopratitoli,Surtitle projection,Προβολή υπέρτιτλων,Üstyazı yansıtma
screens.add,+ Aggiungi schermo,+ Add screen,+ Προσθήκη οθόνης,+ Ekran ekle
screens.open,Apri schermo,Open screen,Άνοιγμα οθόνης,Ekranı aç
screens.test,Test,Test,Δοκιμή,Test
screens.fullscreen,Schermo intero,Fullscreen,Πλήρης οθόνη,Tam ekran
screens.blackout,Buio,Blackout,Μαύρο,Karartma
screens.showText,Mostra testo,Show text,Εμφάνιση κειμένου,Metni göster
screens.list.aria,Schermi configurati,Configured screens,Διαμορφωμένες οθόνες,Yapılandırılmış ekranlar
screens.list.title,Schermi,Screens,Οθόνες,Ekranlar
screens.preview,Anteprima,Preview,Προεπισκόπηση,Önizleme
screens.inspector.aria,Impostazioni schermo,Screen settings,Ρυθμίσεις οθόνης,Ekran ayarları
screens.inspector.title,Impostazioni,Settings,Ρυθμίσεις,Ayarlar
screens.section.screen,Schermo,Screen,Οθόνη,Ekran
screens.field.name,Nome,Name,Όνομα,Ad
screens.field.language,Lingua,Language,Γλώσσα,Dil
screens.field.followActive,Segue lingua attiva,Follows the active language,Ακολουθεί την ενεργή γλώσσα,Etkin dili izler
screens.field.format,Formato,Format,Μορφή,Biçim
screens.section.look,Aspetto,Appearance,Εμφάνιση,Görünüm
screens.field.font,Carattere,Font,Γραμματοσειρά,Yazı tipi
screens.field.size,Dimensione,Size,Μέγεθος,Boyut
screens.field.width,Larghezza,Width,Πλάτος,Genişlik
screens.field.position,Posizione,Position,Θέση,Konum
screens.position.top,Alto,Top,Πάνω,Üst
screens.position.center,Centro,Centre,Κέντρο,Orta
screens.position.bottom,Basso,Bottom,Κάτω,Alt
screens.field.text,Testo,Text,Κείμενο,Metin
screens.field.background,Sfondo,Background,Φόντο,Arka plan
screens.resetStyle,Ripristina stile,Reset style,Επαναφορά στυλ,Stili sıfırla
screens.delete,Elimina schermo,Delete screen,Διαγραφή οθόνης,Ekranı sil
screens.status.blackout,Buio,Blackout,Μαύρο,Karartma
screens.status.live,Live,Live,Live,Canlı
screens.status.active,Attivo,Active,Ενεργή,Etkin
screens.aspect.16:9,16:9 panoramico,16:9 widescreen,16:9 ευρεία,16:9 geniş ekran
screens.aspect.4:3,4:3 classico,4:3 classic,4:3 κλασική,4:3 klasik
screens.aspect.free,Libero,Free,Ελεύθερη,Serbest
screens.font.system,Sistema sans,System sans,Sans συστήματος,Sistem sans
screens.previewText.empty,Schermo pulito,Empty screen,Καθαρή οθόνη,Boş ekran
screens.testText,TEST SCHERMO,SCREEN TEST,ΔΟΚΙΜΗ ΟΘΟΝΗΣ,EKRAN TESTİ
screens.dialog.new.title,Nuovo schermo,New screen,Νέα οθόνη,Yeni ekran
screens.dialog.new.message,Dai un nome al nuovo schermo.,Give the new screen a name.,Δώστε ένα όνομα στη νέα οθόνη.,Yeni ekrana bir ad verin.
screens.dialog.new.label,Nome schermo,Screen name,Όνομα οθόνης,Ekran adı
screens.dialog.new.default,Nuovo schermo,New screen,Νέα οθόνη,Yeni ekran
screens.dialog.new.confirm,Crea,Create,Δημιουργία,Oluştur
screens.dialog.delete.title,Elimina schermo,Delete screen,Διαγραφή οθόνης,Ekranı sil
screens.dialog.delete.message,Eliminare lo schermo “{name}”?,Delete the screen “{name}”?,Να διαγραφεί η οθόνη «{name}»;,“{name}” ekranı silinsin mi?
screens.dialog.blocked.title,Schermo di proiezione non aperto,Projection screen not opened,Η οθόνη προβολής δεν άνοιξε,Yansıtma ekranı açılmadı
screens.dialog.blocked.message,Il programma non è riuscito ad aprire lo schermo di proiezione. Consenti le finestre a comparsa per Sténtor e riprova.,The projection screen could not be opened. Allow pop-up windows for Sténtor and try again.,Το πρόγραμμα δεν κατάφερε να ανοίξει την οθόνη προβολής. Επιτρέψτε τα αναδυόμενα παράθυρα για το Sténtor και δοκιμάστε ξανά.,Yansıtma ekranı açılamadı. Sténtor için açılır pencerelere izin verip yeniden deneyin.
settings.title,Impostazioni,Settings,Ρυθμίσεις,Ayarlar
settings.subtitle,Lingua dell’interfaccia e informazioni sull’applicazione.,Interface language and app information.,Γλώσσα διεπαφής και πληροφορίες εφαρμογής.,Arayüz dili ve uygulama bilgileri.
settings.interface,Interfaccia,Interface,Διεπαφή,Arayüz
settings.appLanguage,Lingua interfaccia,Interface language,Γλώσσα διεπαφής,Arayüz dili
settings.appLanguageHelp,Cambia la lingua dei comandi e dell’interfaccia dell’applicazione. Le lingue del copione e degli schermi restano separate.,Changes the language of the app’s commands and interface. Script and screen languages stay separate.,Αλλάζει τη γλώσσα των εντολών και της διεπαφής της εφαρμογής. Οι γλώσσες του κειμένου και των οθονών παραμένουν ξεχωριστές.,Uygulamanın komut ve arayüz dilini değiştirir. Metin ve ekran dilleri ayrı kalır.
settings.about,Informazioni,About,Πληροφορίες,Hakkında
settings.version,Versione,Version,Έκδοση,Sürüm
settings.language.close,Chiudi,Close,Κλείσιμο,Kapat
settings.language.eyebrow,Lingua interfaccia,Interface language,Γλώσσα διεπαφής,Arayüz dili
settings.language.title,Scegli la lingua di Sténtor,Choose Sténtor’s language,Επιλέξτε τη γλώσσα του Sténtor,Sténtor’un dilini seçin
settings.language.help,"Modifica comandi, menu e impostazioni. Le lingue del copione restano separate.","Changes commands, menus and settings. Script languages stay separate.","Αλλάζει εντολές, μενού και ρυθμίσεις. Οι γλώσσες του κειμένου παραμένουν ξεχωριστές.","Komutları, menüleri ve ayarları değiştirir. Metin dilleri ayrı kalır."
settings.language.current,Attuale: {name},Current: {name},Τρέχουσα: {name},Geçerli: {name}
settings.language.chosen,Scelta: {name},Selected: {name},Επιλογή: {name},Seçilen: {name}
settings.language.cancel,Annulla,Cancel,Άκυρο,İptal
settings.language.confirm,Scegli lingua,Choose language,Επιλογή γλώσσας,Dili seç
feedback.card.title,Feedback,Feedback,Σχόλια,Geri bildirim
feedback.card.text,Aiutaci a migliorare Sténtor Lite: bastano un paio di minuti.,Help us improve Sténtor Lite: it only takes a couple of minutes.,Βοηθήστε μας να βελτιώσουμε το Sténtor Lite: χρειάζονται μόνο λίγα λεπτά.,Sténtor Lite’ın gelişmesine yardım edin: yalnızca birkaç dakika sürer.
feedback.card.button,Invia un feedback,Send feedback,Αποστολή σχολίων,Geri bildirim gönder
feedback.title,Il tuo parere su Sténtor Lite,Your opinion on Sténtor Lite,Η γνώμη σας για το Sténtor Lite,Sténtor Lite hakkındaki görüşünüz
feedback.intro,Le risposte arrivano all’autore di Sténtor via email: prima di inviare vedrai il messaggio completo.,Your answers reach Sténtor’s author by email: you will see the full message before sending it.,Οι απαντήσεις σας φτάνουν στον δημιουργό του Sténtor μέσω email: πριν από την αποστολή θα δείτε ολόκληρο το μήνυμα.,Yanıtlarınız Sténtor’un geliştiricisine e-postayla ulaşır: göndermeden önce iletinin tamamını göreceksiniz.
feedback.close,Chiudi,Close,Κλείσιμο,Kapat
feedback.q.overall,"Nel complesso, quanto ti piace Sténtor Lite?","Overall, how much do you like Sténtor Lite?","Συνολικά, πόσο σας αρέσει το Sténtor Lite;",Genel olarak Sténtor Lite ne kadar hoşunuza gidiyor?
feedback.q.ease,Quanto è facile da usare?,How easy is it to use?,Πόσο εύκολο είναι στη χρήση;,Kullanımı ne kadar kolay?
feedback.scale.low,Poco,Not much,Λίγο,Az
feedback.scale.high,Molto,A lot,Πολύ,Çok
feedback.rating.aria,{value} su 5,{value} out of 5,{value} από 5,5 üzerinden {value}
feedback.q.recommend,Lo consiglieresti a un collega?,Would you recommend it to a colleague?,Θα το προτείνατε σε έναν συνάδελφο;,Bir meslektaşınıza önerir misiniz?
feedback.recommend.yes,Sì,Yes,Ναι,Evet
feedback.recommend.maybe,Forse,Maybe,Ίσως,Belki
feedback.recommend.no,No,No,Όχι,Hayır
feedback.q.context,Dove lo usi?,Where do you use it?,Πού το χρησιμοποιείτε;,Nerede kullanıyorsunuz?
feedback.multiple,anche più di una risposta,more than one answer allowed,μπορείτε να επιλέξετε περισσότερες από μία απαντήσεις,birden fazla yanıt seçilebilir
feedback.context.rehearsals,Prove,Rehearsals,Πρόβες,Provalar
feedback.context.shows,Spettacoli,Performances,Παραστάσεις,Gösteriler
feedback.context.festivals,Festival,Festivals,Φεστιβάλ,Festivaller
feedback.context.education,Scuola o università,School or university,Σχολείο ή πανεπιστήμιο,Okul veya üniversite
feedback.context.other,Altro,Other,Άλλο,Diğer
feedback.q.feature,Quale parte usi di più?,Which part do you use most?,Ποιο μέρος χρησιμοποιείτε περισσότερο;,En çok hangi bölümü kullanıyorsunuz?
feedback.feature.live,Conduzione dal vivo,Running the show live,Χειρισμός σε ζωντανή παράσταση,Canlı gösteri yönetimi
feedback.feature.editor,Scrittura e modifica delle battute,Writing and editing cues,Γραφή και επεξεργασία ατακών,Replik yazma ve düzenleme
feedback.feature.screens,Schermi e proiezione,Screens and projection,Οθόνες και προβολή,Ekranlar ve yansıtma
feedback.feature.timing,Tempi,Timing,Χρόνοι,Süreler
feedback.feature.languages,Lingue e traduzioni,Languages and translations,Γλώσσες και μεταφράσεις,Diller ve çeviriler
feedback.q.liked,Cosa ti piace di più?,What do you like most?,Τι σας αρέσει περισσότερο;,En çok neyi beğeniyorsunuz?
feedback.q.improve,Cosa miglioreresti o aggiungeresti?,What would you improve or add?,Τι θα βελτιώνατε ή θα προσθέτατε;,Neyi iyileştirirdiniz veya eklerdiniz?
feedback.q.problems,Hai incontrato problemi o errori?,Did you run into any problems or errors?,Αντιμετωπίσατε προβλήματα ή σφάλματα;,Sorun veya hatayla karşılaştınız mı?
feedback.placeholder,Scrivi qui…,Write here…,Γράψτε εδώ…,Buraya yazın…
feedback.q.contact,"Nome o email, se vuoi essere ricontattato (facoltativo)","Name or email, if you’d like to be contacted (optional)","Όνομα ή email, αν θέλετε να επικοινωνήσουμε μαζί σας (προαιρετικό)",Size geri dönülmesini isterseniz ad veya e-posta (isteğe bağlı)
feedback.copy,Copia il testo,Copy the text,Αντιγραφή κειμένου,Metni kopyala
feedback.copied,Testo copiato: puoi incollarlo in un’email a {email}.,Text copied: you can paste it into an email to {email}.,Το κείμενο αντιγράφηκε: μπορείτε να το επικολλήσετε σε ένα email προς {email}.,Metin kopyalandı: {email} adresine göndereceğiniz bir e-postaya yapıştırabilirsiniz.
feedback.copyFailed,Non è stato possibile copiare il testo. Scrivi a {email}.,The text could not be copied. Please write to {email}.,Δεν ήταν δυνατή η αντιγραφή του κειμένου. Γράψτε στο {email}.,Metin kopyalanamadı. Lütfen şu adrese yazın: {email}
feedback.send,Prepara email,Prepare email,Προετοιμασία email,E-postayı hazırla
feedback.sent,Si è aperta la tua app di posta con il messaggio pronto: controllalo e premi Invia.,Your mail app has opened with the message ready: check it and press Send.,Η εφαρμογή αλληλογραφίας άνοιξε με το μήνυμα έτοιμο: ελέγξτε το και πατήστε «Αποστολή».,E-posta uygulamanız ileti hazır şekilde açıldı: kontrol edip Gönder’e basın.
feedback.empty,Rispondi ad almeno una domanda.,Please answer at least one question.,Απαντήστε σε τουλάχιστον μία ερώτηση.,Lütfen en az bir soruyu yanıtlayın.
feedback.optional,Tutte le domande sono facoltative.,All questions are optional.,Όλες οι ερωτήσεις είναι προαιρετικές.,Tüm sorular isteğe bağlıdır.
