area,chiave,italiano,inglese,العربية,correzione,note
Comuni,card.expand,Espandi {name},Expand {name},توسيع {name},,
Comuni,card.collapse,Riduci {name},Collapse {name},طي {name},,
Comuni,card.expandShort,Espandi,Expand,توسيع,,
Comuni,card.collapseShort,Riduci,Collapse,طي,,
Comuni,common.cancel,Annulla,Cancel,إلغاء,,
Comuni,common.save,Salva,Save,حفظ,,
Comuni,common.delete,Elimina,Delete,حذف,,
Comuni,common.insert,Inserisci,Insert,إدراج,,
Comuni,common.edit,Modifica,Edit,تعديل,,
Comuni,common.other,Altro,Other,أخرى,,
Comuni,common.notPossible,Operazione non possibile,Not possible,لا يمكن تنفيذ العملية,,
Comuni,common.undoHint,Puoi annullare con Command/Ctrl+Z.,You can undo with Command/Ctrl+Z.,يمكنك التراجع باستخدام Command/Ctrl+Z.,,
Comuni,count.cues.one,{count} battuta,{count} cue,{count} مقطع,,
Comuni,count.cues.other,{count} battute,{count} cues,{count} مقطع,,
Comuni,count.cues.two,(plurale arabo: two),,{count} مقطعان,,
Comuni,count.cues.few,(plurale arabo: few),,{count} مقاطع,,
Comuni,count.cues.many,(plurale arabo: many),,{count} مقطعًا,,
Comuni,count.lines.one,{count} riga,{count} line,{count} سطر,,
Comuni,count.lines.other,{count} righe,{count} lines,{count} سطر,,
Comuni,count.lines.two,(plurale arabo: two),,{count} سطران,,
Comuni,count.lines.few,(plurale arabo: few),,{count} أسطر,,
Comuni,count.lines.many,(plurale arabo: many),,{count} سطرًا,,
Comuni,marker.type.act,Atto,Act,فصل,,
Comuni,marker.type.scene,Scena,Scene,مشهد,,
Comuni,marker.type.picture,Quadro,Tableau,لوحة,,
Comuni,marker.type.interval,Intervallo,Interval,استراحة,,
Comuni,marker.type.other,Altro,Other,أخرى,,
Comuni,marker.default,Marcatore,Marker,علامة,,
Mappa,map.title,Mappa,Map,المخطط,,
Mappa,map.aria,Mappa dello spettacolo,Show map,مخطط العرض,,
Mappa,map.hint,Clic: vai all’inizio della sezione,Click: go to the start of the section,نقرة: الانتقال إلى بداية القسم,,
Mappa,map.subtitle,Indice dello spettacolo,Show outline,فهرس العرض,,
Mappa,map.add.title,Inserisci un marcatore prima della battuta selezionata,Insert a marker before the selected cue,إدراج علامة قبل المقطع المحدد,,
Mappa,map.add.aria,Inserisci marcatore,Insert marker,إدراج علامة,,
Mappa,map.start,Inizio,Start,البداية,,
Mappa,map.range.none,nessuna battuta,no cues,لا توجد مقاطع,,
Mappa,map.range.single,battuta {number},cue {number},المقطع {number},,
Mappa,map.goTo,Vai a {title},Go to {title},الانتقال إلى {title},,
Mappa,map.emptySection,{title}: nessuna battuta in questa sezione,{title}: no cues in this section,{title}: لا توجد مقاطع في هذا القسم,,
Mappa,map.empty,Seleziona la battuta dove inizia un atto o una scena e premi <icon/> per inserire un marcatore.,Select the cue where an act or scene begins and press <icon/> to insert a marker.,حدّد المقطع الذي يبدأ عنده فصل أو مشهد واضغط <icon/> لإدراج علامة.,,
Tempi,time.title,Tempi,Timing,التوقيت,,
Tempi,time.dialog.clear.title,Azzera i tempi delle battute,Clear cue timings,مسح توقيتات المقاطع,,
Tempi,time.dialog.clear.message,Vuoi cancellare i tempi registrati di tutte le battute? Le durate delle recite restano.,Delete the recorded timings of all cues? Performance durations are kept.,هل تريد مسح التوقيتات المسجّلة لجميع المقاطع؟ ستبقى مُدد العروض محفوظة.,,
Tempi,time.dialog.clear.confirm,Azzera tempi,Clear timings,مسح التوقيتات,,
Tempi,time.dialog.reset.title,Azzera il cronometro,Reset the stopwatch,تصفير ساعة الإيقاف,,
Tempi,time.dialog.reset.message,Il tempo di questa recita verrà azzerato senza essere salvato.,The time of this performance will be reset without being saved.,سيُصفَّر وقت هذا العرض دون حفظه.,,
Tempi,time.dialog.reset.confirm,Azzera,Reset,تصفير,,
Tempi,time.status.running,in corso,running,قيد التشغيل,,
Tempi,time.status.paused,in pausa,paused,متوقف مؤقتًا,,
Tempi,time.status.idle,fermo,stopped,متوقف,,
Tempi,time.pause,Pausa,Pause,إيقاف مؤقت,,
Tempi,time.resume,Riprendi,Resume,استئناف,,
Tempi,time.start,Avvia,Start,بدء,,
Tempi,time.finish,Termina,Finish,إنهاء,,
Tempi,time.finish.title,Ferma e salva le durate di questa recita,Stop and save the durations of this performance,إيقاف وحفظ مُدد هذا العرض,,
Tempi,time.reset,Azzera senza salvare,Reset without saving,تصفير دون حفظ,,
Tempi,time.cues.title,Tempi delle battute,Cue timings,توقيتات المقاطع,,
Tempi,time.cues.count,{timed} di {total},{timed} of {total},{timed} من {total},,
Tempi,time.mode.manual,Manuale,Manual,يدوي,,
Tempi,time.mode.record,Registra,Record,تسجيل,,
Tempi,time.mode.play,Riproduci,Play,تشغيل,,
Tempi,time.manual.text,Conduci tu con Avanti. I tempi registrati non vengono usati.,You run the show with Next. Recorded timings are not used.,أنت تدير العرض بزر «التالي». لا تُستخدم التوقيتات المسجّلة.,,
Tempi,time.record.step1,Porta in proiezione la prima battuta.,Project the first cue.,اعرض المقطع الأول.,,
Tempi,time.record.step2,Premi <b>Avvia</b> quando entra in scena.,Press <b>Start</b> when it comes on stage.,اضغط <b>بدء</b> عندما يبدأ على المسرح.,,
Tempi,time.record.step3,Conduci con <b>Avanti</b>: ogni cambio viene registrato.,Run the show with <b>Next</b>: every change is recorded.,أدِر العرض بزر <b>التالي</b>: يُسجَّل كل تغيير.,,
Tempi,time.record.step4,Alla fine premi <b>Termina</b>.,At the end press <b>Finish</b>.,في النهاية اضغط <b>إنهاء</b>.,,
Tempi,time.record.running,● Registrazione in corso: ogni Avanti salva il tempo della battuta che entra.,● Recording: every Next saves the time of the incoming cue.,● جارٍ التسجيل: كل ضغطة على «التالي» تحفظ وقت المقطع الداخل.,,
Tempi,time.record.paused,In pausa: i cambi di battuta non vengono registrati.,Paused: cue changes are not recorded.,متوقف مؤقتًا: لا تُسجَّل تغييرات المقاطع.,,
Tempi,time.play.stop,Ferma,Stop,إيقاف,,
Tempi,time.play.from,Riproduci da {number},Play from {number},تشغيل من {number},,
Tempi,time.play.playing,Le battute avanzano da sole. Avanti e Indietro restano attivi: la riproduzione riparte dalla battuta scelta.,Cues advance on their own. Next and Back still work: playback restarts from the chosen cue.,تتقدّم المقاطع تلقائيًا. يبقى «التالي» و«السابق» فعّالين: يُستأنف التشغيل من المقطع المختار.,,
Tempi,time.play.ready,Le battute avanzeranno da sole seguendo i tempi registrati.,Cues will advance on their own following the recorded timings.,ستتقدّم المقاطع تلقائيًا وفق التوقيتات المسجّلة.,,
Tempi,time.play.noTime,Questa battuta non ha un tempo registrato: scegline una con il tempo per partire.,This cue has no recorded time: pick one with a time to start.,لا يوجد توقيت مسجّل لهذا المقطع: اختر مقطعًا له توقيت للبدء.,,
Tempi,time.play.none,Nessun tempo registrato: usa prima <b>Registra</b> durante una prova.,No timings recorded yet: first use <b>Record</b> during a rehearsal.,لا توجد توقيتات مسجّلة بعد: استخدم أولًا <b>تسجيل</b> أثناء بروفة.,,
Tempi,time.clear,Azzera tempi delle battute,Clear cue timings,مسح توقيتات المقاطع,,
Tempi,time.last,Ultima recita · {date},Last performance · {date},آخر عرض · {date},,
Tempi,time.previous,Recite precedenti ({count}),Previous performances ({count}),العروض السابقة ({count}),,
Tempi,time.hint,Avvia all’inizio della recita. Con i marcatori della Mappa misura anche ogni atto; “Termina” salva le durate nel progetto.,Start at the beginning of the performance. With Map markers it also times each act; “Finish” saves the durations in the project.,ابدأ مع بداية العرض. مع علامات المخطط يُقاس أيضًا كل فصل؛ و«إنهاء» يحفظ المُدد في المشروع.,,
Strumenti,tools.title,Strumenti,Tools,الأدوات,,
Strumenti,tools.tab.check,Verifica,Check,التدقيق,,
Strumenti,tools.tab.clean,Pulizia,Clean up,التنظيف,,
Strumenti,tools.cue,Battuta {number},Cue {number},المقطع {number},,
Strumenti,tools.cue.info,{lines} · {chars} caratteri,{lines} · {chars} characters,{lines} · {chars} حرفًا,,
Strumenti,tools.cue.empty,vuota in {language},empty in {language},فارغ في {language},,
Strumenti,tools.noIssues,Nessun problema nel copione in {language}.,No issues in the {language} script.,لا توجد مشكلات في نص {language}.,,
Strumenti,tools.issue.hint,{detail} {cues}: clic per andare alla prossima.,{detail} {cues}: click to go to the next one.,{detail} {cues}: انقر للانتقال إلى التالي.,,
Strumenti,tools.contrast.error,Colori dello schermo poco leggibili,Screen colours hard to read,ألوان الشاشة صعبة القراءة,,
Strumenti,tools.contrast.warning,Colori dello schermo appena sufficienti,Screen colours barely readable,ألوان الشاشة بالكاد مقروءة,,
Strumenti,tools.contrast.detail,testo e sfondo troppo simili · cambia i colori in Schermi,text and background too similar · change the colours in Screens,النص والخلفية متقاربان جدًا · غيّر الألوان في الشاشات,,
Strumenti,tools.limit.title,Caratteri per riga,Characters per line,الأحرف في السطر,,
Strumenti,tools.limit.custom,Numero di caratteri per riga,Number of characters per line,عدد الأحرف في السطر,,
Strumenti,check.missing.title,Controllo testi mancanti,Missing text check,تدقيق النصوص الناقصة,,
Strumenti,check.missing.single,senza testo in questa lingua,no text in this language,لا يوجد نص بهذه اللغة,,
Strumenti,check.missing.detail,Battute senza testo nella lingua di lavoro.,Cues with no text in the working language.,مقاطع بلا نص في لغة العمل.,,
Strumenti,check.lines.title,Controllo righe,Line count check,تدقيق عدد الأسطر,,
Strumenti,check.lines.single,con più di due righe,more than two lines,أكثر من سطرين,,
Strumenti,check.lines.detail,Battute con più di due righe.,Cues with more than two lines.,مقاطع تزيد على سطرين.,,
Strumenti,check.long.title,Controllo lunghezza,Length check,تدقيق الطول,,
Strumenti,check.long.single,troppo lunga,too long,طويل جدًا,,
Strumenti,check.long.detail,Più di {limit} caratteri in una riga o {total} in tutto.,More than {limit} characters in a line or {total} in total.,أكثر من {limit} حرفًا في السطر أو أكثر من {total} في المجموع.,,
Strumenti,check.spacing.title,Controllo spazi,Spacing check,تدقيق المسافات,,
Strumenti,check.spacing.single,con spazi da sistemare,spacing to fix,مسافات تحتاج إلى تصحيح,,
Strumenti,check.spacing.detail,Spazi doppi o fuori posto: la scheda Pulizia li corregge.,Double or misplaced spaces: the Clean up tab fixes them.,مسافات مكرّرة أو في غير موضعها: يصحّحها تبويب التنظيف.,,
Strumenti,clean.scope,Cosa correggere,What to fix,ما الذي يُصحَّح,,
Strumenti,clean.scope.cue,Battuta {number},Cue {number},المقطع {number},,
Strumenti,clean.scope.all,Tutto il copione,Whole script,النص كاملًا,,
Strumenti,clean.spaces.label,Spazi,Spaces,المسافات,,
Strumenti,clean.spaces.help,"Toglie spazi doppi, spazi prima della punteggiatura e spazi a inizio o fine riga.","Removes double spaces, spaces before punctuation and spaces at the start or end of a line.",يحذف المسافات المكرّرة والمسافات قبل علامات الترقيم وفي بداية السطر أو نهايته.,,
Strumenti,clean.emptyLines.label,Righe vuote,Empty lines,الأسطر الفارغة,,
Strumenti,clean.emptyLines.help,Eliminare eventuali righe presenti vuote dentro le battute,Remove any empty lines inside cues,حذف الأسطر الفارغة داخل المقاطع,,
Strumenti,clean.typography.label,Tipografia,Typography,الطباعة,,
Strumenti,clean.typography.help,Apostrofo tipografico (’) e tre puntini in un solo carattere (…).,Typographic apostrophe (’) and three dots as a single character (…).,فاصلة علوية طباعية (’) وثلاث نقاط كحرف واحد (…).,,
Strumenti,clean.footnote,Vale per tutte le lingue. In francese lo spazio davanti a ; : ! ? viene mantenuto (come spazio unificatore).,Applies to all languages. In French the space before ; : ! ? is kept (as a non-breaking space).,ينطبق على جميع اللغات. في الفرنسية تُحفظ المسافة قبل ; : ! ? (كمسافة غير فاصلة).,,
Strumenti,clean.apply.cue,Correggi la battuta {number},Fix cue {number},تصحيح المقطع {number},,
Strumenti,clean.apply.all,Correggi tutto il copione,Fix the whole script,تصحيح النص كاملًا,,
Strumenti,clean.none,Attiva almeno una correzione.,Turn on at least one fix.,فعّل تصحيحًا واحدًا على الأقل.,,
Strumenti,clean.done.one,{count} battuta corretta. Puoi annullare con Command/Ctrl+Z.,{count} cue fixed. You can undo with Command/Ctrl+Z.,صُحّح {count} مقطع. يمكنك التراجع باستخدام Command/Ctrl+Z.,,
Strumenti,clean.done.other,{count} battute corrette. Puoi annullare con Command/Ctrl+Z.,{count} cues fixed. You can undo with Command/Ctrl+Z.,صُحّح {count} مقطع. يمكنك التراجع باستخدام Command/Ctrl+Z.,,
Strumenti,clean.done.two,(plurale arabo: two),,صُحّح {count} مقطعان. يمكنك التراجع باستخدام Command/Ctrl+Z.,,
Strumenti,clean.done.few,(plurale arabo: few),,صُحّحت {count} مقاطع. يمكنك التراجع باستخدام Command/Ctrl+Z.,,
Strumenti,clean.done.many,(plurale arabo: many),,صُحّح {count} مقطعًا. يمكنك التراجع باستخدام Command/Ctrl+Z.,,
Strumenti,clean.nothing,Niente da correggere.,Nothing to fix.,لا يوجد ما يُصحَّح.,,
Scorciatoie,shortcuts.title,Scorciatoie,Shortcuts,الاختصارات,,
Scorciatoie,shortcuts.aria,Scorciatoie da tastiera,Keyboard shortcuts,اختصارات لوحة المفاتيح,,
Scorciatoie,shortcuts.action.next,Avanti,Next,التالي,,
Scorciatoie,shortcuts.action.next.detail,Proietta la battuta successiva,Projects the next cue,يعرض المقطع التالي,,
Scorciatoie,shortcuts.action.previous,Indietro,Back,السابق,,
Scorciatoie,shortcuts.action.previous.detail,Torna alla battuta precedente,Goes back to the previous cue,يعود إلى المقطع السابق,,
Scorciatoie,shortcuts.action.blackout,Schermo vuoto,Blackout,إظلام,,
Scorciatoie,shortcuts.action.blackout.detail,Oscura o riaccende lo schermo,Blanks or restores the screen,يُظلم الشاشة أو يعيد إظهارها,,
Scorciatoie,shortcuts.action.fullscreen,Schermo intero,Fullscreen,ملء الشاشة,,
Scorciatoie,shortcuts.action.fullscreen.detail,Apre l’anteprima a tutto schermo,Opens the preview in fullscreen,يفتح المعاينة بملء الشاشة,,
Scorciatoie,shortcuts.action.browseNext,Seleziona successiva,Select next,تحديد التالي,,
Scorciatoie,shortcuts.action.browseNext.detail,Scorre l’elenco senza proiettare,Moves through the list without projecting,يتنقّل في القائمة دون عرض,,
Scorciatoie,shortcuts.action.browsePrevious,Seleziona precedente,Select previous,تحديد السابق,,
Scorciatoie,shortcuts.action.browsePrevious.detail,Scorre l’elenco senza proiettare,Moves through the list without projecting,يتنقّل في القائمة دون عرض,,
Scorciatoie,shortcuts.fixed.aria,Scorciatoie fisse,Fixed shortcuts,اختصارات ثابتة,,
Scorciatoie,shortcuts.fixed.undo,Annulla,Undo,تراجع,,
Scorciatoie,shortcuts.fixed.redo,Ripeti,Redo,إعادة,,
Scorciatoie,shortcuts.fixed.exitField,Esci dal campo di testo,Leave the text field,الخروج من حقل النص,,
Scorciatoie,shortcuts.key.Space,Spazio,Space,مسافة,,
Scorciatoie,shortcuts.key.Enter,Invio,Return,إدخال,,
Scorciatoie,shortcuts.key.Delete,Canc,Del,حذف,,
Scorciatoie,shortcuts.key.PageUp,Pag ↑,Page ↑,صفحة ↑,,
Scorciatoie,shortcuts.key.PageDown,Pag ↓,Page ↓,صفحة ↓,,
Scorciatoie,shortcuts.key.Home,Inizio,Home,Home,,
Scorciatoie,shortcuts.key.End,Fine,End,End,,
Scorciatoie,shortcuts.key.numpad,{key} (tast. num.),{key} (keypad),{key} (لوحة الأرقام),,
Scorciatoie,shortcuts.press,Premi…,Press…,اضغط…,,
Scorciatoie,shortcuts.recording.title,Premi il nuovo tasto (Esc annulla),Press the new key (Esc cancels),اضغط المفتاح الجديد (Esc للإلغاء),,
Scorciatoie,shortcuts.change.title,Clic per cambiare tasto,Click to change the key,انقر لتغيير المفتاح,,
Scorciatoie,shortcuts.change.aria,{action}: {key}. Cambia tasto,{action}: {key}. Change key,{action}: {key}. تغيير المفتاح,,
Scorciatoie,shortcuts.remove.aria,Togli {key} da {action},Remove {key} from {action},إزالة {key} من {action},,
Scorciatoie,shortcuts.remove.title,Togli questo tasto,Remove this key,إزالة هذا المفتاح,,
Scorciatoie,shortcuts.add.aria,Aggiungi un tasto per {action},Add a key for {action},إضافة مفتاح لـ {action},,
Scorciatoie,shortcuts.add.title,Aggiungi un tasto,Add a key,إضافة مفتاح,,
Scorciatoie,shortcuts.hint.recording,Premi il tasto da usare. Esc annulla.,Press the key to use. Esc cancels.,اضغط المفتاح المراد استخدامه. Esc للإلغاء.,,
Scorciatoie,shortcuts.hint.modifiers,"Cmd, Ctrl e Alt restano al sistema: scegli un tasto senza questi.","Cmd, Ctrl and Alt are kept for the system: choose a key without them.",Cmd وCtrl وAlt محجوزة للنظام: اختر مفتاحًا من دونها.,,
Scorciatoie,shortcuts.hint.invalid,Questo tasto non si può assegnare.,This key cannot be assigned.,لا يمكن تعيين هذا المفتاح.,,
Scorciatoie,shortcuts.hint.moved,{key} tolto da “{action}”.,{key} removed from “{action}”.,أُزيل {key} من «{action}».,,
Scorciatoie,shortcuts.reset,Ripristina tasti predefiniti,Restore default keys,استعادة المفاتيح الافتراضية,,
Sopratitoli,cues.current,Attuale,Live,الحالي,,
Sopratitoli,cues.blackout,Schermo vuoto,Blackout,إظلام,,
Sopratitoli,cues.list.title,Battute,Cues,المقاطع,,
Sopratitoli,cues.list.aria,Sopratitoli in sequenza,Surtitles in sequence,الترجمات الفوقية بالتسلسل,,
Sopratitoli,cues.empty,Sopratitolo vuoto,Empty surtitle,ترجمة فوقية فارغة,,
Sopratitoli,cues.next,Prossima,Next,التالي,,
Sopratitoli,cues.recordedTime,Tempo registrato: quando entra la battuta,Recorded time: when the cue comes in,الوقت المسجّل: لحظة دخول المقطع,,
Sopratitoli,cues.expand,Espandi modifica sopratitolo {number},Expand editor for surtitle {number},فتح محرّر الترجمة الفوقية {number},,
Sopratitoli,cues.collapse,Chiudi modifica sopratitolo {number},Close editor for surtitle {number},إغلاق محرّر الترجمة الفوقية {number},,
Sopratitoli,cues.inlineText,Testo sopratitolo {number},Text of surtitle {number},نص الترجمة الفوقية {number},,
Sopratitoli,cues.note.edit,Clic per modificare la nota,Click to edit the note,انقر لتعديل الملاحظة,,
Sopratitoli,cues.note.label,Nota operatore,Operator note,ملاحظة للمشغّل,,
Sopratitoli,marker.row.title,Doppio clic: modifica marcatore,Double-click: edit marker,نقرة مزدوجة: تعديل العلامة,,
Sopratitoli,marker.edit,Modifica marcatore,Edit marker,تعديل العلامة,,
Sopratitoli,marker.edit.aria,Modifica marcatore {title},Edit marker {title},تعديل العلامة {title},,
Sopratitoli,marker.delete,Elimina marcatore,Delete marker,حذف العلامة,,
Sopratitoli,marker.delete.aria,Elimina marcatore {title},Delete marker {title},حذف العلامة {title},,
Sopratitoli,conductor.aria,Comandi di conduzione,Show controls,عناصر التحكم في العرض,,
Sopratitoli,conductor.back,Indietro,Back,السابق,,
Sopratitoli,conductor.next,Avanti,Next,التالي,,
Sopratitoli,conductor.goTo.label,Vai a battuta,Go to cue,الانتقال إلى مقطع,,
Sopratitoli,conductor.goTo.title,"Numero di battuta, parola del testo o titolo di un marcatore (es. atto 2)","Cue number, a word from the text or a marker title (e.g. act 2)",رقم المقطع أو كلمة من النص أو عنوان علامة (مثل: الفصل 2),,
Sopratitoli,conductor.goTo.placeholder,Vai a: n° o parola,Go to: no. or word,انتقال: رقم أو كلمة,,
Sopratitoli,conductor.goTo.missed,Nessuna battuta trovata,No cue found,لم يُعثر على أي مقطع,,
Sopratitoli,conductor.showText,Mostra testo,Show text,إظهار النص,,
Sopratitoli,conductor.blackout,Schermo vuoto,Blackout,إظلام,,
Sopratitoli,conductor.projection,Proiezione,Projection,العرض,,
Sopratitoli,conductor.projection.title,Apri o mostra la finestra di proiezione,Open or show the projection window,فتح نافذة العرض أو إظهارها,,
Sopratitoli,conductor.projection.aria,Apri proiezione,Open projection,فتح العرض,,
Sopratitoli,rightColumn.aria,Proprietà,Properties,الخصائص,,
Sopratitoli,toolbar.aria,Modifica struttura sopratitoli,Edit surtitle structure,تعديل بنية الترجمات الفوقية,,
Sopratitoli,toolbar.addAfter,Aggiungi dopo,Add after,إضافة بعد,,
Sopratitoli,toolbar.addAfter.aria,Aggiungi sopratitolo dopo,Add surtitle after,إضافة ترجمة فوقية بعد,,
Sopratitoli,toolbar.split,Dividi,Split,تقسيم,,
Sopratitoli,toolbar.split.aria,Dividi sopratitolo,Split surtitle,تقسيم الترجمة الفوقية,,
Sopratitoli,toolbar.merge,Unisci con successiva,Merge with next,دمج مع التالي,,
Sopratitoli,toolbar.merge.aria,Unisci con il sopratitolo successivo,Merge with the next surtitle,دمج مع الترجمة الفوقية التالية,,
Sopratitoli,toolbar.marker,"Inserisci marcatore (atto, scena…) prima della battuta","Insert marker (act, scene…) before the cue",إدراج علامة (فصل، مشهد…) قبل المقطع,,
Sopratitoli,toolbar.marker.aria,Inserisci marcatore prima della battuta selezionata,Insert marker before the selected cue,إدراج علامة قبل المقطع المحدد,,
Sopratitoli,toolbar.delete,Elimina,Delete,حذف,,
Sopratitoli,toolbar.delete.aria,Elimina sopratitolo,Delete surtitle,حذف الترجمة الفوقية,,
Sopratitoli,languages.aria,Lingua delle battute,Cue language,لغة المقاطع,,
Sopratitoli,languages.progress,{language} · {filled}/{total} battute,{language} · {filled}/{total} cues,{language} · {filled}/{total} مقطع,,
Sopratitoli,languages.manage.title,"Lingue del progetto: aggiungi, rinomina, elimina","Project languages: add, rename, delete",لغات المشروع: إضافة، إعادة تسمية، حذف,,
Sopratitoli,languages.manage.aria,Gestisci le lingue del progetto,Manage project languages,إدارة لغات المشروع,,
Sopratitoli,editor.aria,Modifica sopratitolo {number},Edit surtitle {number},تعديل الترجمة الفوقية {number},,
Sopratitoli,editor.text.aria,Testo {language} sopratitolo {number},{language} text of surtitle {number},نص {language} للترجمة الفوقية {number},,
Sopratitoli,editor.style.aria,Controlli di stile,Style controls,عناصر التنسيق,,
Sopratitoli,editor.bold,Grassetto,Bold,غامق,,
Sopratitoli,editor.italic,Corsivo,Italic,مائل,,
Sopratitoli,editor.underline,Sottolineato,Underline,تسطير,,
Sopratitoli,editor.color,Colore testo,Text colour,لون النص,,
Sopratitoli,editor.smaller,Riduci dimensione testo,Decrease text size,تصغير حجم النص,,
Sopratitoli,editor.larger,Aumenta dimensione testo,Increase text size,تكبير حجم النص,,
Sopratitoli,editor.scaleValue,Dimensione testo {value}%,Text size {value}%,حجم النص {value}%,,
Sopratitoli,editor.clear,Rimuovi formattazione,Clear formatting,إزالة التنسيق,,
Sopratitoli,editor.notes,Note operatore,Operator notes,ملاحظات للمشغّل,,
Sopratitoli,editor.notes.aria,Note operatore sopratitolo {number},Operator notes for surtitle {number},ملاحظات المشغّل للترجمة الفوقية {number},,
Sopratitoli,editor.notes.placeholder,Indicazioni per la regia...,Notes for the operator...,ملاحظات للمشغّل…,,
Sopratitoli,editor.chars.single,{count} caratteri (massimo {limit} per riga),{count} characters (maximum {limit} per line),{count} حرفًا (بحد أقصى {limit} في السطر),,
Sopratitoli,editor.chars.multi,"Caratteri per riga: {counts} (massimo {limit} per riga, {maxLines} righe)","Characters per line: {counts} (maximum {limit} per line, {maxLines} lines)",الأحرف في كل سطر: {counts} (بحد أقصى {limit} في السطر، {maxLines} أسطر),,
Sopratitoli,editor.chars.tooManyLines,{count} righe,{count} lines,{count} أسطر,,
Sopratitoli,dialog.confirm,Conferma,Confirm,تأكيد,,
Sopratitoli,dialog.ok,OK,OK,حسنًا,,
Sopratitoli,dialog.marker.type,Tipo marcatore,Marker type,نوع العلامة,,
Sopratitoli,dialog.marker.title,Titolo,Title,العنوان,,
Sopratitoli,dialog.marker.placeholder,"Atto I, Scena 2, Intervallo…","Act I, Scene 2, Interval…",الفصل الأول، المشهد 2، استراحة…,,
Sopratitoli,marker.add.title,Inserisci marcatore,Insert marker,إدراج علامة,,
Sopratitoli,marker.add.message.before,"Il marcatore segna l’inizio di una sezione, prima della battuta {number}. Comparirà nella mappa dello spettacolo.","The marker marks the start of a section, before cue {number}. It will appear in the show map.",تحدّد العلامة بداية قسم، قبل المقطع {number}. ستظهر في مخطط العرض.,,
Sopratitoli,marker.add.message,Il marcatore segna l’inizio di una sezione e comparirà nella mappa dello spettacolo.,The marker marks the start of a section and will appear in the show map.,تحدّد العلامة بداية قسم، وستظهر في مخطط العرض.,,
Sopratitoli,marker.edit.title,Modifica marcatore,Edit marker,تعديل العلامة,,
Sopratitoli,marker.edit.message,Cambia il tipo o il titolo della sezione.,Change the type or title of the section.,غيّر نوع القسم أو عنوانه.,,
Sopratitoli,marker.delete.title,Elimina marcatore,Delete marker,حذف العلامة,,
Sopratitoli,marker.delete.message,Vuoi eliminare il marcatore “{title}”? Le battute restano dove sono. Potrai annullare con Command/Ctrl+Z.,Delete the marker “{title}”? The cues stay where they are. You can undo with Command/Ctrl+Z.,هل تريد حذف العلامة «{title}»؟ تبقى المقاطع في أماكنها. يمكنك التراجع باستخدام Command/Ctrl+Z.,,
Sopratitoli,cue.delete.title,Elimina sopratitolo,Delete surtitle,حذف الترجمة الفوقية,,
Sopratitoli,cue.delete.message,Vuoi eliminare il sopratitolo {number}? Potrai annullare con Command/Ctrl+Z.,Delete surtitle {number}? You can undo with Command/Ctrl+Z.,هل تريد حذف الترجمة الفوقية {number}؟ يمكنك التراجع باستخدام Command/Ctrl+Z.,,
Sopratitoli,cue.split.cursor.title,Posiziona il cursore,Place the cursor,ضع المؤشر,,
Sopratitoli,cue.split.cursor.message,Clicca nel testo della lingua che vuoi dividere e lascia il cursore nel punto esatto della separazione.,Click in the text of the language you want to split and leave the cursor exactly where the split should go.,انقر في نص اللغة التي تريد تقسيمها وضع المؤشر تمامًا حيث يجب أن يكون التقسيم.,,
Sopratitoli,cue.split.title,Dividi sopratitolo,Split surtitle,تقسيم الترجمة الفوقية,,
Sopratitoli,cue.split.message,Come vuoi gestire il testo delle altre lingue?,What should happen to the text in the other languages?,ماذا تريد أن تفعل بالنص في اللغات الأخرى؟,,
Sopratitoli,cue.split.first,Lascialo nella prima battuta,Keep it in the first cue,إبقاؤه في المقطع الأول,,
Sopratitoli,cue.split.second,Spostalo nella seconda battuta,Move it to the second cue,نقله إلى المقطع الثاني,,
Sopratitoli,cue.split.detail,Solo la lingua sotto il cursore viene divisa.,Only the language under the cursor is split.,تُقسَّم فقط اللغة التي يوجد فيها المؤشر.,,
Sopratitoli,error.notFound,Sopratitolo non trovato.,Surtitle not found.,لم يُعثر على الترجمة الفوقية.,,
Sopratitoli,error.noPrevious,Non ci sono sopratitoli precedenti da unire.,There is no previous surtitle to merge with.,لا توجد ترجمة فوقية سابقة للدمج معها.,,
Sopratitoli,error.noNext,Non ci sono sopratitoli successivi da unire.,There is no next surtitle to merge with.,لا توجد ترجمة فوقية تالية للدمج معها.,,
Sopratitoli,error.addFromMarker,Non puoi aggiungere un sopratitolo da un marcatore.,You cannot add a surtitle from a marker.,لا يمكن إضافة ترجمة فوقية من علامة.,,
Sopratitoli,error.deleteMarker,Questa azione non elimina i marcatori.,This action does not delete markers.,هذا الإجراء لا يحذف العلامات.,,
Sopratitoli,error.lastCue,Deve rimanere almeno un sopratitolo.,At least one surtitle must remain.,يجب أن تبقى ترجمة فوقية واحدة على الأقل.,,
Sopratitoli,error.mergeMarker,Non puoi unire un sopratitolo con un marcatore.,You cannot merge a surtitle with a marker.,لا يمكن دمج ترجمة فوقية مع علامة.,,
Sopratitoli,error.splitMarker,Non puoi dividere un marcatore.,You cannot split a marker.,لا يمكن تقسيم علامة.,,
Sopratitoli,error.invalidChoice,Scelta non valida per le altre lingue.,Invalid choice for the other languages.,اختيار غير صالح للغات الأخرى.,,
Sopratitoli,error.cursor,Metti il cursore nel punto in cui vuoi dividere il sopratitolo.,Place the cursor where you want to split the surtitle.,ضع المؤشر حيث تريد تقسيم الترجمة الفوقية.,,
Lingue,langs.title,Lingue del progetto,Project languages,لغات المشروع,,
Lingue,langs.intro,Le lingue in cui sono scritte le battute. La principale è il riferimento del copione.,The languages the cues are written in. The primary one is the reference for the script.,اللغات التي كُتبت بها المقاطع. اللغة الرئيسية هي مرجع النص.,,
Lingue,langs.close,Chiudi,Close,إغلاق,,
Lingue,langs.close.title,Chiudi (Esc),Close (Esc),إغلاق (Esc),,
Lingue,langs.name.aria,Nome della lingua {code},Name of language {code},اسم اللغة {code},,
Lingue,langs.count.title,{filled} battute su {total} tradotte,{filled} of {total} cues translated,تُرجم {filled} من {total} مقطع,,
Lingue,langs.primary,Principale,Primary,رئيسية,,
Lingue,langs.primary.title,Lingua principale,Primary language,اللغة الرئيسية,,
Lingue,langs.makePrimary,Rendi principale,Make primary,جعلها رئيسية,,
Lingue,langs.makePrimary.title,Imposta come lingua principale,Set as primary language,تعيينها لغةً رئيسية,,
Lingue,langs.delete.aria,Elimina {language},Delete {language},حذف {language},,
Lingue,langs.delete.title,Elimina lingua,Delete language,حذف اللغة,,
Lingue,langs.delete.last,Deve restare almeno una lingua,At least one language must remain,يجب أن تبقى لغة واحدة على الأقل,,
Lingue,langs.delete.message,Vuoi eliminare {language} da «{project}»? Anche i testi in questa lingua verranno rimossi.,Delete {language} from “{project}”? The texts in this language will be removed too.,هل تريد حذف {language} من «{project}»؟ ستُحذف النصوص بهذه اللغة أيضًا.,,
Lingue,langs.thisProject,questo progetto,this project,هذا المشروع,,
Lingue,langs.add,Aggiungi lingua,Add language,إضافة لغة,,
Lingue,langs.add.button,Aggiungi,Add,إضافة,,
Lingue,langs.code.placeholder,"Codice, es. ja","Code, e.g. ja",الرمز، مثل ja,,
Lingue,langs.code.aria,Codice della nuova lingua,Code of the new language,رمز اللغة الجديدة,,
Lingue,langs.newName.placeholder,"Nome, es. 日本語","Name, e.g. 日本語",الاسم، مثل 日本語,,
Lingue,langs.newName.aria,Nome della nuova lingua,Name of the new language,اسم اللغة الجديدة,,
Lingue,langs.copy,Nella nuova lingua copia i testi di {language} come base da tradurre,Copy the {language} texts into the new language as a basis for translation,نسخ نصوص {language} إلى اللغة الجديدة أساسًا للترجمة,,
Lingue,langs.done,Fatto,Done,تم,,
Barra laterale,nav.aria,Navigazione principale,Main navigation,التنقّل الرئيسي,,
Barra laterale,nav.projects,Progetti,Projects,المشاريع,,
Barra laterale,nav.cues,Sopratitoli,Surtitles,الترجمات الفوقية,,
Barra laterale,nav.screens,Schermi,Screens,الشاشات,,
Barra laterale,nav.settings,Impostazioni,Settings,الإعدادات,,
Barra laterale,nav.project.aria,Informazioni progetto,Project information,معلومات المشروع,,
Barra laterale,nav.untitled,Senza titolo,Untitled,بلا عنوان,,
Barra laterale,nav.saved,salvato localmente,saved locally,محفوظ على هذا الحاسوب,,
Barra laterale,nav.unsaved,modifiche non salvate,unsaved changes,تغييرات غير محفوظة,,
Barra laterale,nav.cueCount.one,{count} sopratitolo,{count} surtitle,{count} ترجمة فوقية,,
Barra laterale,nav.cueCount.other,{count} sopratitoli,{count} surtitles,{count} ترجمة فوقية,,
Barra laterale,nav.cueCount.two,(plurale arabo: two),,{count} ترجمتان فوقيتان,,
Barra laterale,nav.cueCount.few,(plurale arabo: few),,{count} ترجمات فوقية,,
Barra laterale,nav.cueCount.many,(plurale arabo: many),,{count} ترجمة فوقية,,
Barra laterale,nav.expand,Espandi barra laterale,Expand sidebar,توسيع الشريط الجانبي,,
Barra laterale,nav.collapse,Comprimi barra laterale,Collapse sidebar,طي الشريط الجانبي,,
Barra laterale,nav.version.aria,Versione applicazione,App version,إصدار التطبيق,,
Barra laterale,nav.version,versione {version},version {version},الإصدار {version},,
Barra laterale,nav.right.expand,Espandi barra destra,Expand right sidebar,توسيع شريط الخصائص,,
Barra laterale,nav.right.collapse,Comprimi barra destra,Collapse right sidebar,طي شريط الخصائص,,
Progetti,projects.title,Progetti,Projects,المشاريع,,
Progetti,projects.subtitle,I tuoi spettacoli,Your shows,عروضك,,
Progetti,projects.new,Nuovo,New,جديد,,
Progetti,projects.import,Importa,Import,استيراد,,
Progetti,projects.save,Salva,Save,حفظ,,
Progetti,projects.saveAs,Salva con nome…,Save as…,حفظ باسم…,,
Progetti,projects.search,Cerca progetti…,Search projects…,البحث في المشاريع…,,
Progetti,projects.view.aria,Visualizzazione progetti,Project view,طريقة عرض المشاريع,,
Progetti,projects.view.grid,Vista griglia,Grid view,عرض شبكي,,
Progetti,projects.view.list,Vista lista,List view,عرض قائمة,,
Progetti,projects.empty,Nessuno spettacolo trovato.,No shows found.,لم يُعثر على أي عرض.,,
Progetti,projects.count.one,{count} progetto,{count} project,{count} مشروع,,
Progetti,projects.count.other,{count} progetti,{count} projects,{count} مشروع,,
Progetti,projects.count.two,(plurale arabo: two),,{count} مشروعان,,
Progetti,projects.count.few,(plurale arabo: few),,{count} مشاريع,,
Progetti,projects.count.many,(plurale arabo: many),,{count} مشروعًا,,
Progetti,projects.liveShow,Spettacolo dal vivo,Live show,عرض حي,,
Progetti,projects.untitled,Senza titolo,Untitled,بلا عنوان,,
Progetti,projects.modified,Modificato {date},Modified {date},عُدّل في {date},,
Progetti,projects.languageCount.one,{count} lingua,{count} language,{count} لغة,,
Progetti,projects.languageCount.other,{count} lingue,{count} languages,{count} لغة,,
Progetti,projects.languageCount.two,(plurale arabo: two),,{count} لغتان,,
Progetti,projects.languageCount.few,(plurale arabo: few),,{count} لغات,,
Progetti,projects.languageCount.many,(plurale arabo: many),,{count} لغةً,,
Progetti,projects.current,aperto,open,مفتوح,,
Progetti,projects.details.title,Dettagli progetto,Project details,تفاصيل المشروع,,
Progetti,projects.details.lastModified,Ultima modifica,Last modified,آخر تعديل,,
Progetti,projects.details.cues,Battute,Cues,المقاطع,,
Progetti,projects.details.languages,Lingue,Languages,اللغات,,
Progetti,projects.details.manageLanguages,Gestisci,Manage,إدارة,,
Progetti,projects.details.author,Autore/Autrice,Author,المؤلف/المؤلفة,,
Progetti,projects.details.version,Versione progetto,Project version,إصدار المشروع,,
Progetti,projects.open,Apri progetto,Open project,فتح المشروع,,
Progetti,projects.editDetails,Modifica dettagli,Edit details,تعديل التفاصيل,,
Progetti,projects.actions.aria,Azioni progetto: {title},Project actions: {title},إجراءات المشروع: {title},,
Progetti,projects.actions.eyebrow,Azioni progetto,Project actions,إجراءات المشروع,,
Progetti,projects.actions.close,Chiudi,Close,إغلاق,,
Progetti,projects.actions.details,Dettagli,Details,التفاصيل,,
Progetti,projects.actions.detailsHelp,Modifica titolo e metadati.,Edit title and metadata.,تعديل العنوان والبيانات الوصفية.,,
Progetti,projects.actions.image,Cambia immagine,Change image,تغيير الصورة,,
Progetti,projects.actions.imageHelp,Scegli una nuova anteprima dello spettacolo.,Choose a new preview image for the show.,اختيار صورة معاينة جديدة للعرض.,,
Progetti,projects.actions.export,Esporta,Export,تصدير,,
Progetti,projects.actions.exportHelp,Prepara una copia del progetto.,Prepare a copy of the project.,تجهيز نسخة من المشروع.,,
Progetti,projects.actions.duplicate,Duplica,Duplicate,تكرار,,
Progetti,projects.actions.duplicateHelp,Crea una copia modificabile.,Create an editable copy.,إنشاء نسخة قابلة للتعديل.,,
Progetti,projects.actions.languages,Lingue,Languages,اللغات,,
Progetti,projects.actions.languagesHelp,"Aggiungi, rinomina o elimina le lingue.","Add, rename or delete languages.",إضافة اللغات أو إعادة تسميتها أو حذفها.,,
Progetti,projects.actions.delete,Elimina,Delete,حذف,,
Progetti,projects.actions.deleteHelp,Rimuovi il progetto da Sténtor.,Remove the project from Sténtor.,إزالة المشروع من Sténtor.,,
Progetti,projects.dialog.new.title,Nuovo progetto,New project,مشروع جديد,,
Progetti,projects.dialog.new.message,Scegli un titolo per il nuovo progetto.,Choose a title for the new project.,اختر عنوانًا للمشروع الجديد.,,
Progetti,projects.dialog.new.label,Titolo progetto,Project title,عنوان المشروع,,
Progetti,projects.dialog.new.default,Nuovo progetto,New project,مشروع جديد,,
Progetti,projects.dialog.new.confirm,Crea,Create,إنشاء,,
Progetti,projects.dialog.notFound.title,Progetto non trovato,Project not found,لم يُعثر على المشروع,,
Progetti,projects.dialog.notFound.message,Non riesco a trovare questo spettacolo nella libreria locale.,This show could not be found in the local library.,تعذّر العثور على هذا العرض في المكتبة المحلية.,,
Progetti,projects.dialog.details.title,Dettagli,Details,التفاصيل,,
Progetti,projects.dialog.details.message,Modifica i metadati principali.,Edit the main metadata.,عدّل البيانات الوصفية الرئيسية.,,
Progetti,projects.dialog.details.titleField,Titolo,Title,العنوان,,
Progetti,projects.dialog.details.company,Compagnia / collettivo,Company / collective,الفرقة / المجموعة,,
Progetti,projects.dialog.details.author,Autore/Autrice,Author,المؤلف/المؤلفة,,
Progetti,projects.dialog.image.title,Immagine non importata,Image not imported,لم تُستورد الصورة,,
Progetti,projects.dialog.image.message,Non riesco a leggere questa immagine.,This image could not be read.,تعذّرت قراءة هذه الصورة.,,
Progetti,projects.dialog.image.format,"Formato immagine non valido. Usa JPG, PNG o WebP.","Unsupported image format. Use JPG, PNG or WebP.",تنسيق الصورة غير مدعوم. استخدم JPG أو PNG أو WebP.,,
Progetti,projects.dialog.archive.title,Archivia spettacolo,Archive show,أرشفة العرض,,
Progetti,projects.dialog.archive.message,Vuoi archiviare “{title}”? Non comparirà più nell’elenco principale.,Archive “{title}”? It will no longer appear in the main list.,هل تريد أرشفة «{title}»؟ لن يظهر بعد الآن في القائمة الرئيسية.,,
Progetti,projects.dialog.archive.confirm,Archivia,Archive,أرشفة,,
Progetti,projects.dialog.delete.title,Elimina spettacolo,Delete show,حذف العرض,,
Progetti,projects.dialog.delete.message,Vuoi eliminare definitivamente “{title}”?,Permanently delete “{title}”?,هل تريد حذف «{title}» نهائيًا؟,,
Progetti,projects.dialog.thisShow,questo spettacolo,this show,هذا العرض,,
Progetti,projects.dialog.import.title,Importa spettacolo,Import show,استيراد عرض,,
Progetti,projects.dialog.import.message,Ci sono modifiche non salvate. Vuoi importare un altro spettacolo e renderlo attivo?,There are unsaved changes. Import another show and make it active?,توجد تغييرات غير محفوظة. هل تريد استيراد عرض آخر وجعله نشطًا؟,,
Progetti,projects.dialog.import.confirm,Importa,Import,استيراد,,
Progetti,projects.dialog.importFailed.title,Importazione non riuscita,Import failed,فشل الاستيراد,,
Progetti,projects.dialog.importFailed.word,Non sono riuscito a leggere il copione Word. Verifica che sia un file .docx e riprova.,The Word script could not be read. Check that it is a .docx file and try again.,تعذّرت قراءة نص Word. تأكّد من أنه ملف ‎.docx ثم أعد المحاولة.,,
Progetti,projects.dialog.importFailed.project,Il file selezionato non sembra essere uno spettacolo Sténtor valido.,The selected file does not look like a valid Sténtor show.,لا يبدو أن الملف المحدد عرض Sténtor صالح.,,
Progetti,projects.dialog.importFailed.generic,Controlla il file e riprova.,Check the file and try again.,تحقّق من الملف وأعد المحاولة.,,
Progetti,projects.dialog.save.title,Salva progetto,Save project,حفظ المشروع,,
Progetti,projects.dialog.saveAs.title,Salva con nome,Save as,حفظ باسم,,
Progetti,projects.dialog.save.message,Scegli il nome del file progetto da scaricare.,Choose the name of the project file to download.,اختر اسم ملف المشروع الذي سيُنزَّل.,,
Progetti,projects.dialog.save.label,Nome file,File name,اسم الملف,,
Progetti,projects.dialog.saveFailed.title,Salvataggio non riuscito,Save failed,فشل الحفظ,,
Progetti,projects.dialog.saveFailed.message,Non sono riuscito a salvare il progetto. Puoi provare con “Salva con nome”.,The project could not be saved. You can try “Save as”.,تعذّر حفظ المشروع. جرّب «حفظ باسم».,,
Progetti,projects.dialog.recovery.title,Versione non trovata,Version not found,لم يُعثر على الإصدار,,
Progetti,projects.dialog.recovery.message,La versione automatica selezionata non è più disponibile.,The selected automatic version is no longer available.,الإصدار التلقائي المحدد لم يعد متاحًا.,,
Progetti,projects.newShow,Nuovo spettacolo,New show,عرض جديد,,
Progetti,dialog.language.code,Codice lingua,Language code,رمز اللغة,,
Progetti,dialog.language.name,Nome lingua,Language name,اسم اللغة,,
Progetti,dialog.language.copy,Copia nella nuova lingua il testo già presente nella lingua attiva,Copy the text of the active language into the new language,نسخ نص اللغة النشطة إلى اللغة الجديدة,,
Progetti,app.about.message,"Sténtor Desktop {version}
Sopratitoli per spettacolo dal vivo.","Sténtor Desktop {version}
Surtitles for live performance.","Sténtor Desktop {version}
ترجمات فوقية للعروض الحية.",,
Progetti,app.shortcuts.title,Scorciatoie da tastiera,Keyboard shortcuts,اختصارات لوحة المفاتيح,,
Progetti,app.shortcuts.message,"Le scorciatoie si vedono e si cambiano nella card “Scorciatoie”, a destra nella pagina Sopratitoli.","You can see and change the shortcuts in the “Shortcuts” card, on the right of the Surtitles page.",يمكنك رؤية الاختصارات وتغييرها في بطاقة «الاختصارات» في صفحة الترجمات الفوقية.,,
Schermi,screens.aria,Schermi Sténtor Lite,Sténtor Lite screens,شاشات Sténtor Lite,,
Schermi,screens.toolbar.aria,Controlli Schermi,Screen controls,عناصر التحكم في الشاشات,,
Schermi,screens.eyebrow,Schermi,Screens,الشاشات,,
Schermi,screens.add,+ Aggiungi schermo,+ Add screen,+ إضافة شاشة,,
Schermi,screens.open,Apri schermo,Open screen,فتح الشاشة,,
Schermi,screens.fullscreen,Schermo intero,Fullscreen,ملء الشاشة,,
Schermi,screens.blackout,Buio,Blackout,إظلام,,
Schermi,screens.showText,Mostra testo,Show text,إظهار النص,,
Schermi,screens.list.aria,Schermi configurati,Configured screens,الشاشات المُعدّة,,
Schermi,screens.preview,Anteprima,Preview,معاينة,,
Schermi,screens.inspector.aria,Impostazioni schermo,Screen settings,إعدادات الشاشة,,
Schermi,screens.inspector.title,Impostazioni,Settings,الإعدادات,,
Schermi,screens.section.screen,Schermo,Screen,الشاشة,,
Schermi,screens.field.name,Nome,Name,الاسم,,
Schermi,screens.field.language,Lingua,Language,اللغة,,
Schermi,screens.field.followActive,Segue lingua attiva,Follows the active language,تتبع اللغة النشطة,,
Schermi,screens.field.format,Formato,Format,النسبة,,
Schermi,screens.section.look,Aspetto,Appearance,المظهر,,
Schermi,screens.field.font,Carattere,Font,الخط,,
Schermi,screens.field.size,Dimensione,Size,الحجم,,
Schermi,screens.field.width,Larghezza,Width,العرض,,
Schermi,screens.field.position,Posizione,Position,الموضع,,
Schermi,screens.position.top,Alto,Top,أعلى,,
Schermi,screens.position.center,Centro,Centre,وسط,,
Schermi,screens.position.bottom,Basso,Bottom,أسفل,,
Schermi,screens.field.text,Testo,Text,النص,,
Schermi,screens.field.background,Sfondo,Background,الخلفية,,
Schermi,screens.resetStyle,Ripristina stile,Reset style,استعادة النمط,,
Schermi,screens.delete,Elimina schermo,Delete screen,حذف الشاشة,,
Schermi,screens.status.blackout,Buio,Blackout,إظلام,,
Schermi,screens.status.live,Live,Live,مباشر,,
Schermi,screens.status.standby,Standby,Standby,استعداد,,
Schermi,screens.status.active,Attivo,Active,نشطة,,
Schermi,screens.aspect.16:9,16:9 panoramico,16:9 widescreen,16:9 عريضة,,
Schermi,screens.aspect.4:3,4:3 classico,4:3 classic,4:3 كلاسيكية,,
Schermi,screens.aspect.free,Libero,Free,حرّة,,
Schermi,screens.font.system,Sistema sans,System sans,خط النظام,,
Schermi,screens.previewText.foyer,"Inquadra il QR code per seguire sopratitoli, traduzioni e audiodescrizione.","Scan the QR code to follow surtitles, translations and audio description.",امسح رمز QR لمتابعة الترجمات الفوقية والترجمات والوصف الصوتي.,,
Schermi,screens.previewText.audioInfo,Audiodescrizione disponibile sul tuo smartphone.,Audio description available on your smartphone.,الوصف الصوتي متاح على هاتفك الذكي.,,
Schermi,screens.previewText.empty,Schermo pulito,Empty screen,شاشة فارغة,,
Schermi,screens.dialog.new.title,Nuovo schermo,New screen,شاشة جديدة,,
Schermi,screens.dialog.new.message,Dai un nome al nuovo schermo.,Give the new screen a name.,أعطِ الشاشة الجديدة اسمًا.,,
Schermi,screens.dialog.new.label,Nome schermo,Screen name,اسم الشاشة,,
Schermi,screens.dialog.new.default,Nuovo schermo,New screen,شاشة جديدة,,
Schermi,screens.dialog.new.confirm,Crea,Create,إنشاء,,
Schermi,screens.dialog.delete.title,Elimina schermo,Delete screen,حذف الشاشة,,
Schermi,screens.dialog.delete.message,Eliminare lo schermo “{name}”?,Delete the screen “{name}”?,هل تريد حذف الشاشة «{name}»؟,,
Schermi,screens.dialog.blocked.title,Schermo di proiezione non aperto,Projection screen not opened,لم تُفتح شاشة العرض,,
Schermi,screens.dialog.blocked.message,Il programma non è riuscito ad aprire lo schermo di proiezione. Consenti le finestre a comparsa per Sténtor e riprova.,The projection screen could not be opened. Allow pop-up windows for Sténtor and try again.,تعذّر فتح شاشة العرض. اسمح بالنوافذ المنبثقة لـ Sténtor وأعد المحاولة.,,
Impostazioni,settings.title,Impostazioni,Settings,الإعدادات,,
Impostazioni,settings.subtitle,Lingua dell’interfaccia e informazioni sull’applicazione.,Interface language and app information.,لغة الواجهة ومعلومات التطبيق.,,
Impostazioni,settings.interface,Interfaccia,Interface,الواجهة,,
Impostazioni,settings.appLanguage,Lingua interfaccia,Interface language,لغة الواجهة,,
Impostazioni,settings.appLanguageHelp,Cambia la lingua dei comandi e dell’interfaccia dell’applicazione. Le lingue del copione e degli schermi restano separate.,Changes the language of the app’s commands and interface. Script and screen languages stay separate.,تغيّر لغة أوامر التطبيق وواجهته. تبقى لغات النص والشاشات منفصلة.,,
Impostazioni,settings.about,Informazioni,About,حول,,
Impostazioni,settings.version,Versione,Version,الإصدار,,
Impostazioni,settings.language.close,Chiudi,Close,إغلاق,,
Impostazioni,settings.language.eyebrow,Lingua interfaccia,Interface language,لغة الواجهة,,
Impostazioni,settings.language.title,Scegli la lingua di Sténtor,Choose Sténtor’s language,اختر لغة Sténtor,,
Impostazioni,settings.language.help,"Modifica comandi, menu e impostazioni. Le lingue del copione restano separate.","Changes commands, menus and settings. Script languages stay separate.",تغيّر الأوامر والقوائم والإعدادات. تبقى لغات النص منفصلة.,,
Impostazioni,settings.language.current,Attuale: {name},Current: {name},الحالية: {name},,
Impostazioni,settings.language.chosen,Scelta: {name},Selected: {name},المختارة: {name},,
Impostazioni,settings.language.cancel,Annulla,Cancel,إلغاء,,
Impostazioni,settings.language.confirm,Scegli lingua,Choose language,اختيار اللغة,,
